id,coin,direction,start,start_phase,end,end_phase,entry,exit,size,pnl,commission,exited
1,ETC,Long,2020-01-29,open,2020-02-01,open,11.487793,11.321859,870.489222777604,-144.44375869237956,0.0,True
2,LTC,Long,2020-01-31,open,2020-02-05,open,68.179039,68.114608,147.67683982695218,-9.514966466889746,0.0,True
3,TRX,Long,2020-01-31,open,2020-02-01,open,0.019514,0.018664,515961.10597307194,-438.5669400771112,0.0,True
4,ZEC,Long,2020-01-31,open,2020-02-05,open,66.90542,64.322322,150.48803253844792,-388.72533587399994,0.0,True
5,ONT,Long,2020-02-01,open,2020-02-16,open,0.770308,0.960425,12891.96209546915,2450.981157704309,0.0,True
6,VET,Long,2020-02-05,open,2020-02-11,open,0.006512,0.006558,1531198.3790807258,70.43512543771067,0.0,True
7,XRP,Long,2020-02-05,open,2020-02-11,open,0.266692,0.273902,37388.312527461225,269.5697333229964,0.0,True
8,BCH,Long,2020-02-06,open,2020-02-16,open,442.341285,438.877503,22.69635277418415,-78.61521820486996,0.0,True
9,ETH,Long,2020-02-06,open,2020-02-17,open,204.129695,259.890552,49.18213320676315,2742.4378966972727,0.0,True
10,QTUM,Long,2020-02-06,open,2020-02-16,open,2.443564,2.687115,4108.561859212991,1000.644349373184,0.0,True
11,TRX,Long,2020-02-06,open,2020-02-16,open,0.020762,0.023609,483553.3113835822,1376.6762775090592,0.0,True
12,XLM,Long,2020-02-06,open,2020-02-11,open,0.068763,0.07089,146001.9756401834,310.54620218666787,0.0,True
13,BNB,Long,2020-02-07,open,2020-02-16,open,20.583084,24.228051,500.6782394406578,1824.9556603792971,0.0,True
14,HT,Long,2020-02-07,open,2020-02-18,open,3.705627,4.757568,2781.04144302143,2925.491516613407,0.0,True
15,OKB,Long,2020-02-11,open,2020-02-23,open,5.536982,5.798461,1982.0313894183646,518.2595856737225,0.0,True
16,EOS,Long,2020-02-12,open,2020-02-16,open,5.242849,4.758717,2126.4640740846253,-1029.4893051147374,0.0,True
17,LINK,Long,2020-02-12,open,2020-02-18,open,3.975201,4.296799,2804.570144843117,901.9441494412567,0.0,True
18,EOS,Long,2020-04-07,open,2020-04-08,open,2.731141,2.630566,4111.929268020541,-413.5572861311666,0.0,True
19,ETH,Long,2020-04-07,open,2020-04-11,open,169.147453,158.538985,66.3933060404456,-704.3312625442759,0.0,True
20,XLM,Long,2020-04-07,open,2020-04-11,open,0.049505,0.047852,226850.99713141882,-374.9846982582367,0.0,True
21,LINK,Long,2020-04-09,open,2020-04-15,open,3.140663,3.240693,3580.655151009907,358.17293475552106,0.0,True
22,LTC,Long,2020-04-09,open,2020-04-11,open,46.348033,42.256741,242.63448566493054,-992.6885301250459,0.0,True
23,ATOM,Long,2020-04-10,open,2020-04-11,open,2.585578,2.307957,4379.339389433778,-1215.7965806339944,0.0,True
24,DASH,Long,2020-04-10,open,2020-04-11,open,82.920876,74.420176,136.55335213599778,-1160.7990805024783,0.0,True
25,ZEC,Long,2020-04-10,open,2020-04-11,open,41.059913,36.769347,275.7707640504111,-1183.212664028717,0.0,True
26,ZEC,Long,2020-04-20,open,2020-04-21,open,46.664571,42.37517,228.47180779276954,-980.0072008181141,0.0,True
27,XLM,Long,2020-04-24,open,2020-05-01,open,0.061824,0.067782,170864.68323243785,1018.0117826988644,0.0,True
28,XTZ,Long,2020-04-25,open,2020-05-01,open,2.728086,2.760988,3870.8148661287473,127.35755072536995,0.0,True
29,DOGE,Long,2020-04-27,open,2020-05-05,open,0.00241,0.002481,4393971.381105949,311.9719680585222,0.0,True
30,TRX,Long,2020-04-29,open,2020-05-01,open,0.015389,0.015276,693067.9442690356,-78.31667770240165,0.0,True
31,XRP,Long,2020-04-29,open,2020-05-01,open,0.215562,0.212858,49478.21320249482,-133.78908849954678,0.0,True
32,BTC,Long,2020-04-30,open,2020-05-11,open,8797.67005,8755.535639,1.2502217367854318,-52.67735649885071,0.0,True
33,EOS,Long,2020-04-30,open,2020-05-01,open,3.017634,2.834251,3644.9212626767116,-668.4165959134443,0.0,True
34,ETH,Long,2020-04-30,open,2020-05-01,open,216.909134,207.901731,50.70804593031189,-456.74780503682814,0.0,True
35,HT,Long,2020-04-30,open,2020-05-01,open,4.316245,4.209035,2548.2886929671918,-273.20203077301267,0.0,True
36,LTC,Long,2020-04-30,open,2020-05-01,open,49.147854,46.714263,223.79488491147907,-544.6252177666101,0.0,True
37,ETC,Long,2020-05-03,open,2020-05-07,open,7.479534,6.983987,1410.1829837651758,-698.8119470558813,0.0,True
38,NEO,Long,2020-05-08,open,2020-05-11,open,9.901803,9.780679,1067.2943141749831,-129.27495651013123,0.0,True
39,OMG,Long,2020-05-23,open,2020-05-25,open,1.807896,1.538841,5755.6884570433485,-1548.5967578097989,0.0,True
40,ADA,Long,2020-05-31,open,2020-06-10,open,0.076905,0.083394,133292.06765429894,864.932227008745,0.0,True
41,ETH,Long,2020-05-31,open,2020-06-01,open,242.351384,230.860253,42.29737125393871,-486.04463403464433,0.0,True
42,VET,Long,2020-05-31,open,2020-06-15,open,0.006233,0.008685,1644605.5611990793,4032.5728360601424,0.0,True
43,NEO,Long,2020-06-02,open,2020-06-06,open,12.407389,11.865326,832.2974073398284,-451.15762951484976,0.0,True
44,XLM,Long,2020-06-04,open,2020-06-06,open,0.082708,0.079494,126391.81631609265,-406.22329763992275,0.0,True
45,LINK,Long,2020-06-24,open,2020-06-27,open,4.80869,4.679469,2205.639043719144,-285.0148828684305,0.0,True
46,VET,Long,2020-07-04,open,2020-07-11,open,0.010248,0.01714,1032175.3439554027,7113.752470540634,0.0,True
47,ADA,Long,2020-07-05,open,2020-07-11,open,0.099965,0.118349,108135.50684915863,1987.9631579149318,0.0,True
48,BSV,Long,2020-07-07,open,2020-07-08,open,191.924878,184.460688,57.67151603654077,-430.47115328478685,0.0,True
49,DOGE,Long,2020-07-07,open,2020-07-11,open,0.002614,0.003528,4234352.976047487,3870.1986201074033,0.0,True
50,TRX,Long,2020-07-07,open,2020-07-08,open,0.018005,0.017145,614751.3845814014,-528.6861907400053,0.0,True
51,LINK,Long,2020-07-08,open,2020-07-19,open,5.71398,7.95887,2031.8048475502521,4561.178384217084,0.0,True
52,QTUM,Long,2020-07-09,open,2020-07-11,open,2.01696,2.035154,6382.665901307908,116.12622340839516,0.0,True
53,XLM,Long,2020-07-09,open,2020-07-14,open,0.084874,0.09022,151678.74515519472,810.8745715996683,0.0,True
54,ETC,Long,2020-07-10,open,2020-07-11,open,6.666899,6.378128,1886.282586035598,-544.703708652085,0.0,True
55,BNB,Long,2020-07-13,open,2020-07-16,open,18.236545,17.59165,669.747763005562,-431.91698362347233,0.0,True
56,QTUM,Long,2020-07-15,open,2020-07-21,open,2.344495,2.233825,5243.110054757008,-580.2549897599583,0.0,True
57,XLM,Long,2020-07-17,open,2020-07-20,open,0.100758,0.099898,121932.6153613746,-104.86204921078206,0.0,True
58,ETH,Long,2020-07-23,open,2020-08-08,open,262.388647,379.551584,46.34976741240893,5430.474879304722,0.0,True
59,BNB,Long,2020-07-26,open,2020-08-08,open,19.752637,22.312599,625.4751453868181,1601.1926041347288,0.0,True
60,LTC,Long,2020-07-26,open,2020-08-03,open,48.836587,56.624899,252.98212381934147,1970.3037107276614,0.0,True
61,ADA,Long,2020-07-27,open,2020-07-28,open,0.147891,0.138762,83470.18498818655,-761.9993187571545,0.0,True
62,BTC,Long,2020-07-27,open,2020-08-03,open,9905.217914,11043.768885,1.2462612367810948,1418.9319412567747,0.0,True
63,BCH,Long,2020-07-28,open,2020-08-03,open,268.387601,283.91141,46.91223090353326,728.2565123103468,0.0,True
64,BSV,Long,2020-07-28,open,2020-08-03,open,207.899587,217.836242,60.561260805955115,601.776354993799,0.0,True
65,XRP,Long,2020-07-28,open,2020-08-09,open,0.223889,0.294618,56236.17555912687,3977.5284611214847,0.0,True
66,ZEC,Long,2020-07-28,open,2020-08-04,open,70.706734,82.466205,178.06876937290522,2093.9945294463687,0.0,True
67,DASH,Long,2020-07-29,open,2020-08-03,open,79.816079,85.054272,160.7748499438176,842.1696935517557,0.0,True
68,EOS,Long,2020-07-29,open,2020-08-03,open,2.99403,2.94035,4286.001851794702,-230.0725794043392,0.0,True
69,LINK,Long,2020-08-05,open,2020-08-18,open,9.832139,16.783692,1424.7073800092023,9903.928861625109,0.0,True
70,ZEC,Long,2020-08-06,open,2020-08-10,open,95.993109,90.251197,146.93787088927843,-843.704324113598,0.0,True
71,DASH,Long,2020-08-07,open,2020-08-11,open,100.58121,95.654415,140.2481290905417,-690.9737811626364,0.0,True
72,ATOM,Long,2020-08-10,open,2020-08-12,open,5.283985,4.933632,2720.6211819561754,-953.1777929618929,0.0,True
73,NEO,Long,2020-08-11,open,2020-08-12,open,14.536188,13.738243,986.5661611336018,-787.2255354457502,0.0,True
74,XTZ,Long,2020-08-11,open,2020-08-14,open,4.28012,4.174241,3350.5862435343697,-354.7567208791752,0.0,True
75,TRX,Long,2020-08-15,open,2020-08-20,open,0.024739,0.026519,589217.5828781981,1048.8072975231935,0.0,True
76,EOS,Long,2020-08-16,open,2020-08-19,open,3.731483,3.588738,3996.6328471163174,-570.4993557616181,0.0,True
77,NEO,Long,2020-08-18,open,2020-08-20,open,16.540328,15.878749,900.4606849850851,-595.7258795117468,0.0,True
78,QTUM,Long,2020-08-18,open,2020-08-19,open,3.411612,3.299969,4365.653269116764,-487.39462792400263,0.0,True
79,NEO,Long,2020-08-21,open,2020-08-22,open,17.791906,16.634824,814.7433025508382,-942.7248100021316,0.0,True
80,OMG,Long,2020-08-21,open,2020-08-26,open,5.722621,5.170953,2533.0764090639714,-1397.4171964355046,0.0,True
81,QTUM,Long,2020-08-21,open,2020-08-22,open,4.07589,3.781789,3556.4836767219117,-1045.965405807592,0.0,True
82,ATOM,Long,2020-08-24,open,2020-08-27,open,8.503847,7.730075,1701.8232282227711,-1316.8231629483907,0.0,True
83,ETH,Long,2020-09-02,open,2020-09-03,open,477.007884,440.239992,29.4031685136565,-1081.092524367923,0.0,True
84,TRX,Long,2020-09-02,open,2020-09-05,open,0.034617,0.035749,405163.45135611726,458.6450269351262,0.0,True
85,YFI,Long,2020-09-13,open,2020-09-14,open,43341.267734,36805.610881,0.3221709741290659,-2105.5989349043157,0.0,True
86,BNB,Long,2020-09-14,open,2020-09-16,open,31.102445,27.196296,442.115928881544,-1726.9706934847127,0.0,True
87,LTC,Long,2020-10-12,open,2020-10-14,open,50.615707,50.007182,268.2969830494026,-163.26542161013822,0.0,True
88,XMR,Long,2020-10-12,open,2020-10-17,open,125.777919,120.286422,107.9684064657846,-592.9081802016353,0.0,True
89,BTC,Long,2020-10-13,open,2020-10-17,open,11548.719759,11322.122686,1.1797450224223862,-267.32676896723024,0.0,True
90,BCH,Long,2020-10-14,open,2020-10-17,open,253.631466,250.794018,53.499005623011605,-151.80064650700297,0.0,True
91,BTC,Long,2020-10-21,open,2020-11-03,open,11913.077489,13550.450882,1.1300615977453863,1850.3327925993635,0.0,True
92,LTC,Long,2020-10-25,open,2020-10-27,open,59.095586,56.745752,230.0942080686342,-540.6831933227495,0.0,True
93,BTC,Long,2020-11-06,open,2020-11-08,open,15579.729239,14833.754084,0.8725104353664689,-650.8711072616188,0.0,True
94,ETH,Long,2020-11-07,open,2020-11-08,open,454.722552,435.718806,29.89134357107829,-568.0475008235062,0.0,True
95,XEM,Long,2020-11-07,open,2020-11-08,open,0.125243,0.117321,108527.16743729802,-859.7522204382749,0.0,True
96,YFI,Long,2020-11-11,open,2020-11-12,open,18194.498136,16769.326653,0.7356954370659018,-1048.4921570795432,0.0,True
97,UNI,Long,2020-11-14,open,2020-11-17,open,3.879659,3.759261,3423.1771510463423,-412.14368263167853,0.0,True
98,XRP,Long,2020-11-17,open,2020-11-27,open,0.291796,0.533383,45190.47962081678,10917.432400154265,0.0,True
99,BTC,Long,2020-11-18,open,2020-11-27,open,17645.190474,17153.913125,0.7530381624919684,-369.95059216488517,0.0,True
100,LTC,Long,2020-11-18,open,2020-11-26,open,75.849859,81.875196,175.18162837140864,1055.528347146499,0.0,True
101,YFI,Long,2020-11-18,open,2020-11-22,open,23754.533232,24250.600744,0.5593669924636532,277.4837922463648,0.0,True
102,ETC,Long,2020-11-19,open,2020-11-23,open,6.061827,6.020377,2197.446808618479,-91.08417021723471,0.0,True
103,ADA,Long,2020-11-22,open,2020-11-27,open,0.132945,0.138292,108246.26444403682,578.7927759822651,0.0,True
104,DASH,Long,2020-11-22,open,2020-11-26,open,93.883916,102.359801,153.28290765494353,1299.2082977489226,0.0,True
105,DOT,Long,2020-11-22,open,2020-11-25,open,5.751921,5.729335,2501.9119049987776,-56.508182286303054,0.0,True
106,EOS,Long,2020-11-22,open,2020-11-27,open,3.216101,2.942514,4474.610600386143,-1224.1952903278452,0.0,True
107,ETH,Long,2020-11-22,open,2020-11-26,open,549.486625,570.514909,26.189535780807176,550.7209962269753,0.0,True
108,LINK,Long,2020-11-22,open,2020-11-23,open,15.355934,14.444814,937.149093406658,-853.8552819846736,0.0,True
109,BNB,Long,2020-11-25,open,2020-11-26,open,33.857774,31.317729,481.3794302357657,-1222.7254148732045,0.0,True
110,XLM,Long,2020-11-25,open,2020-12-02,open,0.195058,0.184473,83556.87004466016,-884.4494694227287,0.0,True
111,ZEC,Long,2020-11-25,open,2020-11-26,open,86.171706,78.408105,189.13906563682656,-1468.4002391171307,0.0,True
112,BTC,Long,2020-12-17,open,2020-12-22,open,21308.351404,22794.0396,0.6612592970779629,982.4251321639858,0.0,True
113,XMR,Long,2020-12-17,open,2020-12-19,open,158.714207,154.807663,88.77809830407475,-346.8155472611925,0.0,True
114,LTC,Long,2020-12-19,open,2020-12-22,open,109.365532,104.950577,129.62738612291065,-572.299076500276,0.0,True
115,BCH,Long,2020-12-21,open,2020-12-22,open,348.319835,314.394937,40.961766738999714,-1389.623758520358,0.0,True
116,BTC,Long,2020-12-27,open,2021-01-12,open,26439.373289,35516.361141,0.5279139559671233,4791.8685652148415,0.0,True
117,DOT,Long,2020-12-29,open,2021-01-08,open,6.582754,9.645126,2125.5218620397345,6509.138635698342,0.0,True
118,BNB,Long,2020-12-30,open,2021-01-01,open,38.947348,37.374572,364.73599446272544,-573.6480184271059,0.0,True
119,UNI,Long,2021-01-01,open,2021-01-02,open,5.166861,4.734603,2827.952332882187,-1222.4050195069867,0.0,True
120,BNB,Long,2021-01-04,open,2021-01-11,open,41.198282,42.472622,360.36366109686907,459.2258278821846,0.0,True
121,ETH,Long,2021-01-04,open,2021-01-12,open,977.058819,1088.526686,15.194953920600396,1693.7491026926127,0.0,True
122,LTC,Long,2021-01-04,open,2021-01-12,open,160.27117,139.079979,92.63277813733586,-1962.9988943689077,0.0,True
123,ADA,Long,2021-01-05,open,2021-01-11,open,0.224817,0.304996,65472.662910945844,5249.532639536728,0.0,True
124,DOGE,Long,2021-01-05,open,2021-01-11,open,0.009767,0.009858,1507051.0553547775,137.14164603728568,0.0,True
125,ETC,Long,2021-01-05,open,2021-01-08,open,7.015214,7.215334,2098.2065062662537,419.8930860340024,0.0,True
126,UNI,Long,2021-01-06,open,2021-01-09,open,6.283923,5.88873,2438.267126788241,-963.5861006368268,0.0,True
127,XLM,Long,2021-01-07,open,2021-01-11,open,0.343158,0.288331,48071.24050033499,-2635.601902911869,0.0,True
128,NEO,Long,2021-01-08,open,2021-01-13,open,20.876338,21.955766,768.8986771024584,829.9707612273523,0.0,True
129,BCH,Long,2021-01-10,open,2021-01-12,open,574.373354,479.279294,28.69153840635647,-2728.394874706366,0.0,True
130,BSV,Long,2021-01-10,open,2021-01-12,open,284.775455,191.105345,57.86894501100447,-5420.590444764743,0.0,True
131,DASH,Long,2021-01-11,open,2021-01-12,open,148.32626,124.632091,108.40417037322995,-2568.5467331281016,0.0,True
132,ETC,Long,2021-01-11,open,2021-01-12,open,8.891841,7.245323,1808.307768870811,-2977.4112909856285,0.0,True
133,XMR,Long,2021-01-11,open,2021-01-12,open,185.140592,158.470252,86.84851326317462,-2316.279377223378,0.0,True
134,ZEC,Long,2021-01-11,open,2021-01-16,open,96.550189,103.134117,166.5370656070285,1096.4680492879525,0.0,True
135,DOT,Long,2021-01-15,open,2021-01-16,open,14.52252,13.19805,953.7978788645553,-1263.2766766197365,0.0,True
136,DOT,Long,2021-01-17,open,2021-01-20,open,18.150342,16.452497,750.0210764249317,-1273.4195345026874,0.0,True
137,UNI,Long,2021-01-17,open,2021-01-22,open,8.43026,7.590459,1614.794685373956,-1356.1061915717346,0.0,True
138,NEO,Long,2021-01-19,open,2021-01-22,open,27.107899,22.078164,502.3314583310555,-2526.5941175687512,0.0,True
139,UNI,Long,2021-01-25,open,2021-02-07,open,12.027858,19.28234,1088.9326312263024,7899.64217244385,0.0,True
140,DOGE,Long,2021-01-29,open,2021-01-31,open,0.043734,0.028191,304901.8737536058,-4739.089823752296,0.0,True
141,XRP,Long,2021-01-31,open,2021-02-02,open,0.437832,0.37052,30680.0912893003,-2065.1383048653806,0.0,True
142,SUSHI,Long,2021-02-04,open,2021-02-07,open,14.228204,13.824559,931.932494987236,-376.16989193912195,0.0,True
143,AAVE,Long,2021-02-05,open,2021-02-14,open,465.206959,494.713787,28.835970080374583,850.8580093747605,0.0,True
144,ADA,Long,2021-02-06,open,2021-02-24,open,0.537758,0.954958,25298.47385299371,10554.523291468975,0.0,True
145,DOGE,Long,2021-02-08,open,2021-02-10,open,0.078352,0.070111,171996.010181225,-1417.4191199034758,0.0,True
146,ATOM,Long,2021-02-09,open,2021-02-20,open,14.2252,22.87353,957.1935199612591,8278.125434486556,0.0,True
147,BTC,Long,2021-02-09,open,2021-02-23,open,46184.991466,54204.929756,0.29482021816928966,2364.439956362039,0.0,True
148,BNB,Long,2021-02-10,open,2021-02-21,open,107.708557,254.53928,126.29676643168045,18544.24552772577,0.0,True
149,BSV,Long,2021-02-10,open,2021-02-11,open,225.720897,211.91953,60.26576469843791,-831.7499361387872,0.0,True
150,EOS,Long,2021-02-10,open,2021-02-16,open,4.155739,4.69578,3273.3630447249798,1767.750252036325,0.0,True
151,TRX,Long,2021-02-10,open,2021-02-16,open,0.045989,0.050702,295793.3955102816,1394.074273039956,0.0,True
152,ETC,Long,2021-02-11,open,2021-02-17,open,10.392331,14.359669,1385.9855662744044,5498.673204531964,0.0,True
153,NEO,Long,2021-02-11,open,2021-02-21,open,33.533598,44.03127,429.5280442601491,4509.044523444527,0.0,True
154,XLM,Long,2021-02-11,open,2021-02-16,open,0.411791,0.493445,34977.988265761145,2856.092653852462,0.0,True
155,ZEC,Long,2021-02-14,open,2021-02-17,open,176.229274,155.337286,99.21470343234265,-2072.7923935320596,0.0,True
156,BCH,Long,2021-02-16,open,2021-02-21,open,712.140992,681.870006,22.942312406115708,-694.4864176531555,0.0,True
157,DOT,Long,2021-02-17,open,2021-02-24,open,30.164309,34.330861,548.4686073537528,2285.222972906995,0.0,True
158,XMR,Long,2021-02-18,open,2021-02-21,open,271.045859,255.951401,63.38987581759728,-956.8358181539388,0.0,True
159,DASH,Long,2021-02-19,open,2021-02-23,open,282.084102,272.057946,62.003132825258454,-621.6530821947599,0.0,True
160,UNI,Long,2021-02-21,open,2021-02-24,open,28.910551,24.65188,668.8177458252004,-2848.274738431155,0.0,True
161,ADA,Long,2021-02-28,open,2021-03-03,open,1.323619,1.225719,13686.291398406442,-1339.8879279039902,0.0,True
162,UNI,Long,2021-03-08,open,2021-03-11,open,34.283232,30.908436,524.4968310361444,-1770.0698073934564,0.0,True
163,CHZ,Long,2021-03-13,open,2021-03-17,open,0.733483,0.523834,24273.827152009784,-5088.9835885917,0.0,True
164,BTC,Long,2021-03-14,open,2021-03-16,open,61221.134297,55840.786514,0.28519997254232965,-1534.475039979785,0.0,True
165,LTC,Long,2021-03-14,open,2021-03-15,open,226.505511,215.227285,77.08539074139647,-869.3864580797781,0.0,True
166,FIL,Long,2021-03-17,open,2021-03-23,open,63.392568,76.728135,269.03803355453704,3587.7747220147758,0.0,True
167,TRX,Long,2021-03-22,open,2021-03-23,open,0.063323,0.059734,276816.35177192936,-993.4938865094555,0.0,True
168,FIL,Long,2021-03-27,open,2021-04-06,open,124.539469,176.626375,139.02888196691285,7241.584306295685,0.0,True
169,TRX,Long,2021-04-01,open,2021-04-08,open,0.092564,0.110677,197091.02381803273,3569.9097144160296,0.0,True
170,EOS,Long,2021-04-02,open,2021-04-04,open,5.626063,5.453666,3212.254397408201,-553.7830213499838,0.0,True
171,NEO,Long,2021-04-02,open,2021-04-04,open,52.910306,51.256711,341.56569821852054,-564.8113307456515,0.0,True
172,BNB,Long,2021-04-03,open,2021-04-04,open,338.909171,323.354863,53.71633589913683,-835.5204332066314,0.0,True
173,BSV,Long,2021-04-03,open,2021-04-04,open,247.198438,220.236153,73.64512096445368,-1985.6407403030753,0.0,True
174,ETC,Long,2021-04-03,open,2021-04-04,open,15.287084,13.668491,1190.8719065541868,-1927.5369318452613,0.0,True
175,ETH,Long,2021-04-03,open,2021-04-04,open,2142.895937,2027.671312,8.49549367022483,-978.8900723415281,0.0,True
176,DOT,Long,2021-04-05,open,2021-04-07,open,44.665859,43.420709,407.00000830643336,-506.7760603427523,0.0,True
177,HOT,Long,2021-04-05,open,2021-04-07,open,0.027716,0.022818,655902.9074907628,-3212.612440889754,0.0,True
178,NEO,Long,2021-04-06,open,2021-04-10,open,59.189506,60.842608,309.5621551344273,511.73781777703334,0.0,True
179,XLM,Long,2021-04-06,open,2021-04-08,open,0.539074,0.473695,33989.45420981556,-2222.196526783535,0.0,True
180,XRP,Long,2021-04-06,open,2021-04-08,open,0.916918,0.919055,19983.063958502415,42.70380767932147,0.0,True
181,BNB,Long,2021-04-07,open,2021-04-08,open,403.69929,376.269013,44.83583931007676,-1229.859491802894,0.0,True
182,ETC,Long,2021-04-07,open,2021-04-13,open,17.849841,19.523561,1014.0256429192884,1697.194999066869,0.0,True
183,QTUM,Long,2021-04-09,open,2021-04-12,open,16.771862,14.98402,1030.609425392601,-1842.5668163127557,0.0,True
184,BNB,Long,2021-04-10,open,2021-04-17,open,454.343179,509.581303,37.50656004357723,2071.792014500563,0.0,True
185,VET,Long,2021-04-11,open,2021-04-13,open,0.14222,0.128878,121505.1080062352,-1621.1211510191933,0.0,True
186,XRP,Long,2021-04-11,open,2021-04-17,open,1.372068,1.553027,12594.460668601536,2279.0810081294658,0.0,True
187,DOGE,Long,2021-04-14,open,2021-04-21,open,0.094256,0.316953,188437.7825129285,41964.52885228164,0.0,True
188,XLM,Long,2021-04-14,open,2021-04-17,open,0.655471,0.611468,27097.143319137824,-1192.355597472022,0.0,True
189,ADA,Long,2021-04-15,open,2021-04-17,open,1.453804,1.413843,12574.813177915266,-502.50210940267425,0.0,True
190,BCH,Long,2021-04-15,open,2021-04-19,open,816.701667,971.877699,22.384322741079853,3473.5103819681353,0.0,True
191,ETH,Long,2021-04-15,open,2021-04-18,open,2436.034621,2346.452348,7.504537718680448,-672.2735466536287,0.0,True
192,NEO,Long,2021-04-15,open,2021-04-22,open,69.100324,97.035261,264.56190997463233,7390.520287741027,0.0,True
193,VET,Long,2021-04-15,open,2021-04-22,open,0.168302,0.226101,108622.08231218836,6278.247735562174,0.0,True
194,ETC,Long,2021-04-16,open,2021-04-20,open,28.634156,33.425924,690.6693115290113,3309.527105566747,0.0,True
195,BSV,Long,2021-04-17,open,2021-04-18,open,441.326805,378.899725,56.314185201761624,-3515.5301447251913,0.0,True
196,CHZ,Long,2021-04-17,open,2021-04-18,open,0.771456,0.626215,32215.6538172906,-4679.033776077107,0.0,True
197,LTC,Long,2021-04-17,open,2021-04-19,open,309.556628,273.645139,80.28566402161397,-2883.177740369887,0.0,True
198,QTUM,Long,2021-04-17,open,2021-04-18,open,18.418267,17.465542,1349.3647057712726,-1285.573489305938,0.0,True
199,ETC,Long,2021-05-02,open,2021-05-11,open,44.672249,105.204953,494.1869122556718,29914.47008024656,0.0,True
200,ETH,Long,2021-05-02,open,2021-05-13,open,2945.5601,3828.918361,7.4948193373567635,6620.610576356641,0.0,True
201,DOGE,Long,2021-05-05,open,2021-05-09,open,0.537355,0.63582,43795.70083150581,4312.343682374223,0.0,True
202,BCH,Long,2021-05-06,open,2021-05-08,open,1454.490331,1342.436747,17.522773699175048,-1963.4895946135039,0.0,True
203,DASH,Long,2021-05-06,open,2021-05-08,open,396.692246,404.886907,64.24805418997579,526.4910239964811,0.0,True
204,LINK,Long,2021-05-06,open,2021-05-11,open,49.546523,46.315534,514.3994648777111,-1662.0190126257694,0.0,True
205,LTC,Long,2021-05-06,open,2021-05-11,open,356.022129,359.258087,71.58741786455417,231.65387753814503,0.0,True
206,EOS,Long,2021-05-07,open,2021-05-11,open,11.473614,9.269244,2381.6642601238827,-5250.069245089282,0.0,True
207,QTUM,Long,2021-05-08,open,2021-05-11,open,26.715333,23.543161,987.6396027173816,-3132.9626938311994,0.0,True
208,MATIC,Long,2021-05-15,open,2021-05-20,open,1.471554,1.625707,17013.404649956272,2622.6673670047094,0.0,True
209,AXS,Long,2021-07-15,open,2021-07-17,open,23.350406,21.015548,1083.4248622042044,-2529.643206916382,0.0,True
210,AXS,Long,2021-07-24,open,2021-07-31,open,42.310053,43.299586,591.9502412882957,585.7542981127262,0.0,True
211,BTC,Long,2021-07-28,open,2021-08-02,open,39503.185694,39907.26285,0.6409729688900064,259.00253434194747,0.0,True
212,XRP,Long,2021-07-29,open,2021-08-02,open,0.732636,0.724145,34501.35701877853,-292.9510224464466,0.0,True
213,BCH,Long,2021-07-30,open,2021-08-02,open,538.491805,526.871383,46.878967541622835,-544.7533857579583,0.0,True
214,ETH,Long,2021-07-30,open,2021-08-04,open,2382.545254,2508.544834,10.595366365295025,1335.0117119732968,0.0,True
215,LINK,Long,2021-07-31,open,2021-08-09,open,22.264617,23.042398,1145.5199765397088,890.9636728730256,0.0,True
216,LTC,Long,2021-07-31,open,2021-08-02,open,145.654291,140.54243,175.1034134895868,-895.1043103842931,0.0,True
217,DOT,Long,2021-08-01,open,2021-08-04,open,16.783762,17.418771,1521.8420201584775,966.3833793788144,0.0,True
218,UNI,Long,2021-08-01,open,2021-08-04,open,21.746382,21.329869,1174.550979006029,-489.21575191874217,0.0,True
219,VET,Long,2021-08-01,open,2021-08-02,open,0.089583,0.086024,285123.6760092773,-1014.7551629170157,0.0,True
220,ADA,Long,2021-08-06,open,2021-08-18,open,1.386193,1.92448,18208.834620592585,9801.578961414922,0.0,True
221,ETH,Long,2021-08-06,open,2021-08-13,open,2827.503486,3049.001163,8.926941810752943,1977.296873795949,0.0,True
222,TRX,Long,2021-08-06,open,2021-08-09,open,0.070154,0.071899,359793.58396132936,627.8398040125212,0.0,True
223,UNI,Long,2021-08-06,open,2021-08-13,open,25.438197,28.112605,992.2463879504943,2653.671677905906,0.0,True
224,DOT,Long,2021-08-07,open,2021-08-09,open,20.421259,19.661149,1245.6630102203587,-946.8409106985928,0.0,True
225,VET,Long,2021-08-07,open,2021-08-18,open,0.096608,0.118169,263311.5990231616,5677.261386538386,0.0,True
226,DOGE,Long,2021-08-08,open,2021-08-09,open,0.261956,0.240122,101003.97523186373,-2205.320795212516,0.0,True
227,EOS,Long,2021-08-08,open,2021-08-09,open,4.592557,4.29537,5761.1908433228145,-1712.15102315458,0.0,True
228,FIL,Long,2021-08-08,open,2021-08-13,open,69.250769,68.448418,382.0693649746777,-306.5537370567981,0.0,True
229,AXS,Long,2021-08-11,open,2021-08-25,open,63.94996,69.999226,406.4399136760363,2458.663150843382,0.0,True
230,BNB,Long,2021-08-12,open,2021-08-18,open,391.405283,401.882063,68.18846345917193,714.3955301997812,0.0,True
231,MATIC,Long,2021-08-12,open,2021-08-17,open,1.372889,1.420477,19440.26417108182,925.123291373442,0.0,True
232,TRX,Long,2021-08-12,open,2021-08-18,open,0.083508,0.085119,319602.0122332273,514.8788417077303,0.0,True
233,XRP,Long,2021-08-12,open,2021-08-18,open,1.012563,1.097662,26358.1869351066,2243.055349990631,0.0,True
234,DOGE,Long,2021-08-14,open,2021-08-18,open,0.286801,0.299203,98327.43733056766,1219.4568777737004,0.0,True
235,EOS,Long,2021-08-15,open,2021-08-18,open,5.487942,5.060789,5275.994311186645,-2253.656798006312,0.0,True
236,XLM,Long,2021-08-15,open,2021-08-17,open,0.395439,0.372038,73220.77683820327,-1713.4393987907933,0.0,True
237,DOT,Long,2021-08-17,open,2021-08-18,open,24.432088,23.518677,1167.2384928471508,-1066.16847899001,0.0,True
238,SOL,Long,2021-08-17,open,2021-08-25,open,62.11533,70.679959,459.1149008502242,3932.1487941539526,0.0,True
239,LUNC,Long,2021-08-19,open,2021-08-22,open,30.730162,27.56024,892.5711138707775,-2829.3808104234813,0.0,True
240,DOT,Long,2021-08-20,open,2021-08-25,open,26.551379,25.100425,1033.5333080000594,-1499.6092873759153,0.0,True
241,ADA,Long,2021-08-21,open,2021-08-27,open,2.457214,2.531772,11419.116172965305,851.3864636239487,0.0,True
242,BNB,Long,2021-08-21,open,2021-08-25,open,455.133381,472.202018,61.65052553646196,1052.2904412411008,0.0,True
243,SOL,Long,2021-08-28,open,2021-09-13,open,88.000016,174.418459,308.3757655121649,26649.353514494393,0.0,True
244,ETH,Long,2021-09-02,open,2021-09-08,open,3825.027724,3428.378072,7.280301174030394,-2887.728927134347,0.0,True
245,LTC,Long,2021-09-04,open,2021-09-08,open,212.964837,178.075949,136.3031681280797,-4755.465966865737,0.0,True
246,FIL,Long,2021-09-05,open,2021-09-08,open,95.010479,84.22737,302.6058896085547,-3263.0322916910154,0.0,True
247,TRX,Long,2021-09-06,open,2021-09-08,open,0.105214,0.085329,282377.5746819396,-5615.078072550368,0.0,True
248,BCH,Long,2021-09-07,open,2021-09-08,open,784.226788,672.539702,38.19629424060938,-4266.032799732246,0.0,True
249,OMG,Long,2021-10-03,open,2021-10-07,open,15.503793,14.409744,1788.1607323275553,-1956.3354610422284,0.0,True
250,SHIB,Long,2021-10-06,open,2021-10-15,open,1.732e-05,2.742e-05,1601040376.643498,16170.507804099325,0.0,True
251,BTC,Long,2021-10-07,open,2021-10-22,open,55338.623745,62237.891067,0.527941553014469,3642.4099046386546,0.0,True
252,DOT,Long,2021-10-14,open,2021-10-19,open,41.674599,41.182978,708.2911416217535,-348.21079933522924,0.0,True
253,BNB,Long,2021-10-21,open,2021-10-22,open,501.347832,470.95937,59.18515708313027,-1798.545896984735,0.0,True
254,LTC,Long,2021-10-21,open,2021-10-22,open,207.328449,196.945006,143.11760076016776,-1486.0534497899607,0.0,True
255,SOL,Long,2021-10-23,open,2021-10-27,open,196.30047,199.874487,148.47468808858895,530.6510592983141,0.0,True
256,LINK,Long,2021-10-24,open,2021-10-25,open,31.439424,29.720873,927.7042642549005,-1594.3070910395218,0.0,True
257,SHIB,Long,2021-10-26,open,2021-10-31,open,4.229e-05,6.531e-05,690261815.4936148,15889.82699266301,0.0,True
258,MATIC,Long,2021-10-29,open,2021-10-31,open,2.135261,1.868267,14459.12296309506,-3860.4990764086033,0.0,True
259,MANA,Long,2021-10-31,open,2021-11-05,open,3.581095,2.505528,8445.092925771982,-9083.263262893794,0.0,True
260,SAND,Long,2021-11-03,open,2021-11-06,open,3.039766,2.558723,9810.366223372332,-4719.207999189697,0.0,True
261,SOL,Long,2021-11-04,open,2021-11-08,open,243.097805,249.979268,122.59396617646549,843.625842266596,0.0,True
262,DOT,Long,2021-11-05,open,2021-11-06,open,53.877751,51.865991,539.175856182999,-1084.6924204347124,0.0,True
263,OMG,Long,2021-11-05,open,2021-11-06,open,19.166645,17.218504,1515.6321059131337,-2952.66504644572,0.0,True
264,BNB,Long,2021-11-06,open,2021-11-11,open,608.26347,615.455176,46.671077045684235,335.64466481591444,0.0,True
265,BCH,Long,2021-11-10,open,2021-11-11,open,717.283269,665.573498,39.967849504132765,-2066.7283452211705,0.0,True
266,LRC,Long,2021-11-10,open,2021-11-14,open,2.927042,2.677153,9794.280282696449,-2447.4829055627342,0.0,True
267,LTC,Long,2021-11-10,open,2021-11-16,open,262.158418,263.305062,109.35475567000249,125.3909744604789,0.0,True
268,SAND,Long,2021-11-18,open,2021-11-27,open,3.760448,6.988919,7482.42773029284,24156.80093684626,0.0,True
269,MANA,Long,2021-11-19,open,2021-11-22,open,3.748953,3.655118,7615.310446979237,-714.5826557922992,0.0,True
270,AVAX,Long,2021-11-22,open,2021-11-24,open,128.782581,123.878627,219.51790526168259,-1076.5057095796474,0.0,True
271,MANA,Long,2021-11-26,open,2021-11-27,open,5.199132,4.659389,6045.494029148241,-3263.0130837745564,0.0,True
272,GALA,Long,2021-11-27,open,2021-12-01,open,0.71113,0.620276,42163.6303961873,-3830.7344760151973,0.0,True
273,LUNC,Long,2021-12-03,open,2021-12-06,open,66.321918,68.151197,447.2801419086328,818.2001707104828,0.0,True
274,MATIC,Long,2021-12-04,open,2021-12-05,open,2.27925,1.977345,12956.405189010624,-3911.603508588254,0.0,True
275,LUNC,Long,2021-12-22,open,2021-12-28,open,87.300193,90.849928,336.2551164223077,1193.6165556933447,0.0,True
276,ATOM,Long,2022-01-05,open,2022-01-06,open,42.019151,38.786868,701.4539207723228,-2267.297583395728,0.0,True
277,LINK,Long,2022-01-10,open,2022-01-12,open,27.56212,26.688264,1061.158156852038,-927.2994223140959,0.0,True
278,SHIB,Long,2022-02-07,open,2022-02-11,open,2.848e-05,3.083e-05,1023702195.080874,2405.700158440057,0.0,True
279,XRP,Long,2022-02-08,open,2022-02-12,open,0.828377,0.76025,35699.577621658114,-2432.1051246307034,0.0,True
280,BTC,Long,2022-02-10,open,2022-02-11,open,44347.798835,43571.130463,0.6711142647934956,-521.2332234631394,0.0,True
281,LUNC,Long,2022-02-26,open,2022-03-05,open,73.162126,83.337425,397.75053416214166,4047.2306125095092,0.0,True
282,WAVES,Long,2022-03-11,open,2022-03-25,open,27.389011,31.265097,1077.256778574037,4175.539917835922,0.0,True
283,BCH,Long,2022-03-23,open,2022-03-29,open,376.737854,368.002157,79.80095430271135,-697.1169570993334,0.0,True
284,ETC,Long,2022-03-23,open,2022-04-01,open,45.970792,47.319702,653.9813425697678,882.1619728057813,0.0,True
285,ADA,Long,2022-03-24,open,2022-04-01,open,1.107204,1.141952,26967.312344990787,937.06016936374,0.0,True
286,LTC,Long,2022-03-25,open,2022-04-01,open,126.58252,123.7317,237.5052626230657,-677.0847527910882,0.0,True
287,TRX,Long,2022-03-25,open,2022-03-26,open,0.065575,0.064468,458467.6272373537,-507.52366335174884,0.0,True
288,BTC,Long,2022-03-28,open,2022-04-01,open,46821.850247,45554.163812,0.6466497467988697,-819.7491122131141,0.0,True
289,ETH,Long,2022-03-28,open,2022-04-01,open,3292.322394,3282.576168,9.196346524889309,-89.62967160588596,0.0,True
290,TRX,Long,2022-03-28,open,2022-04-05,open,0.069151,0.07081,437843.81436099473,726.3828880248875,0.0,True
291,WAVES,Long,2022-03-29,open,2022-04-03,open,43.135985,48.76532,698.975261650458,3934.7659045430883,0.0,True
292,BNB,Long,2022-03-30,open,2022-04-01,open,434.429712,429.124032,71.35547479673865,-378.589315519559,0.0,True
293,SOL,Long,2022-03-30,open,2022-04-06,open,111.690258,126.857957,277.54379764769124,4209.700782037089,0.0,True
294,ZIL,Long,2022-04-01,open,2022-04-04,open,0.177604,0.153416,175076.01166277454,-4234.7385700991945,0.0,True
295,FTM,Long,2022-04-02,open,2022-04-03,open,1.585998,1.535698,19785.287249828467,-995.1999486663699,0.0,True
296,DOGE,Long,2022-04-06,open,2022-04-07,open,0.172485,0.143432,174807.74840424565,-5078.689514388549,0.0,True
297,GMT,Long,2022-04-19,open,2022-04-22,open,3.195138,3.127234,9277.76101410219,-629.997083901595,0.0,True
298,APE,Long,2022-04-21,open,2022-04-22,open,16.790712,14.31614,1774.6109002769979,-4391.40244472025,0.0,True
299,APE,Long,2022-04-29,open,2022-04-30,open,23.654794,19.166966,1231.9526781004417,-5528.791723454149,0.0,True
300,TRX,Long,2022-05-05,open,2022-05-06,open,0.086254,0.07458,331447.9055564825,-3869.322849466378,0.0,True
301,ETC,Long,2022-07-18,open,2022-07-26,open,19.195308,23.393261,1469.201502831953,6167.638856417903,0.0,True
302,MATIC,Long,2022-07-18,open,2022-07-21,open,0.753158,0.832805,37444.699997772324,2982.3580207225714,0.0,True
303,APE,Long,2022-07-19,open,2022-07-25,open,5.98893,6.454517,4992.120753118945,2324.266525082392,0.0,True
304,ETH,Long,2022-07-19,open,2022-07-23,open,1578.383896,1536.457394,18.94181879183126,-794.1642034593497,0.0,True
305,BCH,Long,2022-07-20,open,2022-07-21,open,128.451063,121.816505,231.4883737258254,-1535.8230418096646,0.0,True
306,ETC,Long,2022-07-28,open,2022-08-01,open,32.759161,36.458444,888.7957471382613,3287.9069978608677,0.0,True
307,BNB,Long,2022-08-06,open,2022-08-14,open,315.196979,323.97409,93.4177534626805,819.9379915125828,0.0,True
308,LINK,Long,2022-08-11,open,2022-08-15,open,9.056352,8.775111,3265.0009638688293,-918.2521360794308,0.0,True
309,DOGE,Long,2022-08-15,open,2022-08-16,open,0.081698,0.076695,360291.27264341403,-1802.5372370350015,0.0,True
310,SHIB,Long,2022-08-15,open,2022-08-16,open,1.69e-05,1.527e-05,1741720496.5929966,-2839.0044094465848,0.0,True
311,LUNC,Long,2022-09-06,open,2022-09-10,open,0.000403,0.000431,71888357.56153558,2012.8740117229972,0.0,True
312,ATOM,Long,2022-09-10,open,2022-09-14,open,16.094589,13.909001,1812.999656855313,-3962.470294027087,0.0,True
313,LUNA,Long,2022-09-10,open,2022-09-13,open,5.128995,3.98837,5689.123177976835,-6489.156124879824,0.0,True
314,XRP,Long,2022-09-24,open,2022-09-27,open,0.5072,0.467764,55455.70358158606,-2186.951126443426,0.0,True
315,DOGE,Long,2022-10-27,open,2022-11-04,open,0.072799,0.122555,383362.92729207955,19074.605810344703,0.0,True
316,ETH,Long,2022-10-27,open,2022-11-01,open,1566.841382,1572.645361,17.811910040512384,103.37995182502345,0.0,True
317,BNB,Long,2022-10-30,open,2022-11-07,open,304.229912,338.897158,98.1939958762017,3404.115410763272,0.0,True
318,SHIB,Long,2022-10-30,open,2022-10-31,open,1.291e-05,1.191e-05,2313985338.8338656,-2313.985338833867,0.0,True
319,AVAX,Long,2022-11-01,open,2022-11-02,open,19.310987,18.661339,1552.6743281309446,-1008.6917719216108,0.0,True
320,LTC,Long,2022-11-04,open,2022-11-09,open,61.918981,57.444445,480.39638775732357,-2149.5509312901013,0.0,True
321,CHZ,Long,2022-11-05,open,2022-11-09,open,0.255943,0.212094,118227.19159152669,-5184.1441240968525,0.0,True
322,MATIC,Long,2022-11-05,open,2022-11-09,open,1.169277,1.044603,25878.745667202995,-3226.4067373128637,0.0,True
323,LTC,Long,2022-11-24,open,2022-11-26,open,78.99911,74.021463,364.28726818420955,-1813.2934276153283,0.0,True
324,EOS,Long,2022-12-10,open,2022-12-12,open,1.031658,1.003603,27719.496798476182,-777.6704826812493,0.0,True
325,ATOM,Long,2023-01-04,open,2023-01-18,open,10.160969,12.176448,2806.7474253542373,5656.940494105533,0.0,True
326,APE,Long,2023-01-05,open,2023-01-17,open,4.050695,4.968682,7043.178795534244,6465.546572976091,0.0,True
327,ETC,Long,2023-01-05,open,2023-01-06,open,19.185895,18.215511,1487.0178915904935,-1442.978369713146,0.0,True
328,ADA,Long,2023-01-09,open,2023-01-19,open,0.295414,0.326841,97339.83461894693,3059.098982569645,0.0,True
329,BNB,Long,2023-01-09,open,2023-01-19,open,274.44243,286.885487,104.77807642251815,1303.7595772757522,0.0,True
330,ETH,Long,2023-01-10,open,2023-01-19,open,1321.39545,1515.249609,22.12596026143344,4289.209418547598,0.0,True
331,FIL,Long,2023-01-10,open,2023-01-19,open,3.7888,4.261627,7716.72910059622,3648.6778704476055,0.0,True
332,GALA,Long,2023-01-10,open,2023-01-19,open,0.040767,0.044637,717176.716862633,2775.4738942583936,0.0,True
333,LTC,Long,2023-01-10,open,2023-01-19,open,81.731114,82.767293,357.7235374075405,370.66561726740474,0.0,True
334,SAND,Long,2023-01-10,open,2023-01-25,open,0.516897,0.728346,56562.803065869906,11960.14814547513,0.0,True
335,SOL,Long,2023-01-10,open,2023-01-19,open,16.296197,20.850828,1794.108356467399,8171.501537725464,0.0,True
336,MANA,Long,2023-01-17,open,2023-01-25,open,0.698606,0.661752,49376.26902763622,-1819.7130187445036,0.0,True
337,BTC,Long,2023-01-18,open,2023-01-31,open,21161.0509,22840.796091,1.6323912786944423,2742.001400217334,0.0,True
338,SHIB,Long,2023-01-19,open,2023-01-25,open,1.116e-05,1.119e-05,2917038315.7031407,87.51114947109454,0.0,True
339,APT,Long,2023-01-21,open,2023-02-01,open,10.961202,16.742459,3112.269709248542,17992.8310424811,0.0,True
340,ETH,Long,2023-01-21,open,2023-01-25,open,1659.706068,1556.807448,20.554372620125008,-2115.0165775766473,0.0,True
341,DOT,Long,2023-01-24,open,2023-01-25,open,6.574902,6.18784,5275.1131922280565,-2041.7958624101775,0.0,True
342,AVAX,Long,2023-01-28,open,2023-01-31,open,21.251615,19.737555,1646.0258140806532,-2492.181844066956,0.0,True
343,FTM,Long,2023-02-02,open,2023-02-06,open,0.576248,0.568675,59662.578582285554,-451.8247076036496,0.0,True
344,OP,Long,2023-02-04,open,2023-02-06,open,3.096776,2.937352,11213.222348498331,-1787.6567596869936,0.0,True
345,SHIB,Long,2023-02-05,open,2023-02-09,open,1.469e-05,1.375e-05,2348202715.3581243,-2207.310552436633,0.0,True
346,FIL,Long,2023-02-18,open,2023-02-24,open,7.66867,7.860969,4425.2474524151085,850.970659851977,0.0,True
347,MATIC,Long,2023-02-18,open,2023-02-22,open,1.525579,1.385113,22244.513316525834,-3124.597807519116,0.0,True
348,BNB,Long,2023-03-17,open,2023-03-21,open,329.886325,333.015796,102.18186421078673,319.77518077359855,0.0,True
349,BTC,Long,2023-03-18,open,2023-03-23,open,27448.11727,27301.957494,1.231499916743077,-179.99575197518425,0.0,True
350,CFX,Long,2023-03-20,open,2023-03-21,open,0.456989,0.399478,74079.66764255507,-4260.395765790985,0.0,True
351,XRP,Long,2023-03-22,open,2023-03-23,open,0.469651,0.422451,71125.05627160353,-3357.102656019684,0.0,True
352,XRP,Long,2023-03-30,open,2023-04-02,open,0.543669,0.509961,60626.27769257441,-2043.5905684612953,0.0,True
353,SXP,Long,2023-04-04,open,2023-04-06,open,0.905638,0.732603,36169.273716427655,-6258.550277522063,0.0,True
354,BTC,Long,2023-04-12,open,2023-04-18,open,30231.581623,29449.091705,1.0628095507183548,-831.6377581912238,0.0,True
355,SOL,Long,2023-04-13,open,2023-04-18,open,23.810882,24.564686,1348.9873931638374,1016.8720929164701,0.0,True
356,ADA,Long,2023-04-14,open,2023-04-18,open,0.425744,0.434195,75707.57037465801,639.8046772362322,0.0,True
357,AVAX,Long,2023-04-15,open,2023-04-20,open,19.248149,18.990334,1682.3673892297136,-433.7395484542576,0.0,True
358,ETH,Long,2023-04-15,open,2023-04-20,open,2101.616398,1936.417908,15.408358162532059,-2545.437501829474,0.0,True
359,BNB,Long,2023-04-17,open,2023-04-18,open,348.175753,340.044765,94.01653647650654,-764.4473298920384,0.0,True
360,LINK,Long,2023-04-17,open,2023-04-20,open,8.136602,7.768972,4023.0895381339324,-1479.0084069041804,0.0,True
361,TRX,Long,2023-05-06,open,2023-05-08,open,0.071003,0.069337,446328.38478281285,-743.5830890481666,0.0,True
362,TRX,Long,2023-05-22,open,2023-05-27,open,0.075121,0.075484,420871.60708495957,152.77639337184155,0.0,True
363,RENDER,Long,2023-05-24,open,2023-05-28,open,2.71971,2.642203,11676.873216559776,-905.0394123959013,0.0,True
364,XRP,Long,2023-05-31,open,2023-06-02,open,0.521895,0.507304,60435.661759409166,-881.8167407315377,0.0,True
365,BTC,Long,2023-06-22,open,2023-06-29,open,29995.935767,30086.186717,1.0485716553126028,94.63458803503454,0.0,True
366,PEPE,Long,2023-06-23,open,2023-06-27,open,1.54e-06,1.5e-06,20418257333.166084,-816.7302933266437,0.0,True
367,BCH,Long,2023-06-24,open,2023-07-05,open,181.771806,272.49115,174.67417342600802,15846.32642694968,0.0,True
368,ETC,Long,2023-06-25,open,2023-06-26,open,19.330457,18.363006,1660.0445556367633,-1606.0117653953457,0.0,True
369,LTC,Long,2023-07-01,open,2023-07-04,open,108.201746,106.954147,308.4301156672479,-384.7971038763353,0.0,True
370,FIL,Long,2023-07-04,open,2023-07-05,open,4.734735,4.547209,6980.217495287152,-1308.972266021221,0.0,True
371,TRX,Long,2023-07-09,open,2023-07-10,open,0.080047,0.077535,407702.1372255077,-1024.1477687104707,0.0,True
372,ADA,Long,2023-07-14,open,2023-07-15,open,0.357485,0.32878,91004.98818585162,-2612.2981858748717,0.0,True
373,LINK,Long,2023-07-14,open,2023-07-17,open,7.09152,6.616044,4587.58040612156,-2181.2843811810562,0.0,True
374,MATIC,Long,2023-07-14,open,2023-07-15,open,0.849813,0.809504,38282.44355125088,-1543.1270171073738,0.0,True
375,XRP,Long,2023-07-14,open,2023-07-22,open,0.816197,0.772447,39859.14944752207,-1743.8377883290887,0.0,True
376,ARB,Long,2023-07-18,open,2023-07-19,open,1.30217,1.243834,24261.320472577674,-1415.3083910882888,0.0,True
377,LINK,Long,2023-07-21,open,2023-07-23,open,8.342031,7.870646,3796.3743161745783,-1789.5539070299565,0.0,True
378,DOGE,Long,2023-07-26,open,2023-07-27,open,0.081851,0.077964,383677.3800510453,-1491.3539762584114,0.0,True
379,SHIB,Long,2023-08-06,open,2023-08-07,open,9.97e-06,9.38e-06,3134928970.6050415,-1849.608092656974,0.0,True
380,OP,Long,2023-08-08,open,2023-08-09,open,1.796653,1.68148,17293.423397654733,-1991.735452978086,0.0,True
381,TRX,Long,2023-09-15,open,2023-09-22,open,0.083698,0.083071,368839.2492337781,-231.26220926957467,0.0,True
382,BCH,Long,2023-09-29,open,2023-10-04,open,239.141984,230.091802,128.9944189032144,-1167.422968058334,0.0,True
383,TRX,Long,2023-09-29,open,2023-10-03,open,0.086746,0.087558,355612.7229087428,288.7575310018947,0.0,True
384,LINK,Long,2023-10-01,open,2023-10-03,open,8.180946,7.470973,3771.580758058197,-2677.720505540852,0.0,True
385,ADA,Long,2023-10-02,open,2023-10-03,open,0.265888,0.259486,116427.77939319288,-745.3706436752254,0.0,True
386,ARB,Long,2023-10-02,open,2023-10-03,open,0.969771,0.931327,31921.710803166177,-1227.1982501169223,0.0,True
387,BTC,Long,2023-10-02,open,2023-10-03,open,27976.799152,27508.251819,1.1065150533878798,-518.4546771892419,0.0,True
388,ETH,Long,2023-10-02,open,2023-10-03,open,1732.984005,1662.887206,17.863263202649854,-1252.157570200241,0.0,True
389,AVAX,Long,2023-10-07,open,2023-10-08,open,10.655688,10.36265,2826.4739501629465,-828.2642734078509,0.0,True
390,HOT,Long,2023-10-14,open,2023-10-15,open,0.001192,0.001115,25197313.863861684,-1940.1931675173437,0.0,True
391,BSV,Long,2023-10-21,open,2023-10-25,open,54.87133,51.422194,543.8391744645407,-1875.7752748559287,0.0,True
392,BTC,Long,2023-10-21,open,2023-11-14,open,29683.381817,36491.787578,1.0053160045221337,6844.599276814002,0.0,True
393,LINK,Long,2023-10-22,open,2023-11-03,open,8.904645,11.004994,3356.0519404821553,7048.880337139748,0.0,True
394,AAVE,Long,2023-10-23,open,2023-10-27,open,79.198342,80.80462,379.57212188258893,609.6983487933248,0.0,True
395,APT,Long,2023-10-23,open,2023-11-03,open,6.130975,6.677966,4903.214043854845,2682.0139530622,0.0,True
396,MATIC,Long,2023-10-23,open,2023-10-28,open,0.618359,0.609728,48614.93521162134,-419.5955058114996,0.0,True
397,ADA,Long,2023-10-24,open,2023-11-01,open,0.279988,0.293126,110869.16213616793,1456.5990521449748,0.0,True
398,BCH,Long,2023-10-24,open,2023-10-25,open,260.604918,251.676487,119.11530759439232,-1063.5128049003033,0.0,True
399,DOGE,Long,2023-10-24,open,2023-10-28,open,0.067111,0.067882,462547.6444723128,356.62423388815296,0.0,True
400,ETH,Long,2023-10-24,open,2023-11-03,open,1766.014606,1800.91654,17.577450867459806,613.487030064327,0.0,True
401,RUNE,Long,2023-10-25,open,2023-11-09,open,2.203529,3.339789,13944.739203980387,15844.849367914754,0.0,True
402,XRP,Long,2023-10-25,open,2023-10-28,open,0.55862,0.545715,55006.33209231266,-709.8567156512981,0.0,True
403,PEPE,Long,2023-10-27,open,2023-10-29,open,1.29e-06,1.14e-06,24483865438.188225,-3672.5798157282297,0.0,True
404,TRX,Long,2023-10-31,open,2023-11-04,open,0.095613,0.09732,333521.03704371,569.3204102336131,0.0,True
405,XRP,Long,2023-10-31,open,2023-11-10,open,0.578928,0.667603,55082.75107588551,4884.462951654143,0.0,True
406,ARB,Long,2023-11-02,open,2023-11-03,open,1.037029,0.99091,31622.09265773946,-1458.3792912822864,0.0,True
407,AVAX,Long,2023-11-02,open,2023-11-14,open,12.211411,16.218247,2685.441275112507,10760.122777006705,0.0,True
408,ETC,Long,2023-11-02,open,2023-11-03,open,17.780106,17.299397,1844.3662330676145,-886.6034475317028,0.0,True
409,ADA,Long,2023-11-03,open,2023-11-14,open,0.323148,0.358315,98002.59836108495,3446.4573765642745,0.0,True
410,BNB,Long,2023-11-05,open,2023-11-08,open,237.442236,246.390125,137.52094744404292,1230.5221729041332,0.0,True
411,DOGE,Long,2023-11-07,open,2023-11-08,open,0.076389,0.073517,447750.6800005382,-1285.9399529615475,0.0,True
412,LINK,Long,2023-11-07,open,2023-11-14,open,13.005667,14.405027,2629.8710165777047,3680.1363057581766,0.0,True
413,LTC,Long,2023-11-07,open,2023-11-11,open,74.485071,73.300339,459.1957319146693,-544.023877862739,0.0,True
414,MATIC,Long,2023-11-07,open,2023-11-12,open,0.735448,0.802941,46506.655391762724,3138.873692356239,0.0,True
415,DOT,Long,2023-11-09,open,2023-11-14,open,5.052426,5.367783,6770.748323714934,2135.2028791217745,0.0,True
416,ETC,Long,2023-11-10,open,2023-11-15,open,20.622849,19.080302,1676.1279080577017,-2585.5060761906825,0.0,True
417,ETH,Long,2023-11-10,open,2023-11-15,open,2121.067379,1979.472646,16.296763174424296,-2307.5358304468427,0.0,True
418,RUNE,Long,2023-11-10,open,2023-11-19,open,3.935644,5.774562,8782.941941029185,16151.110028313517,0.0,True
419,TRX,Long,2023-11-11,open,2023-11-15,open,0.106235,0.102278,335233.3450304515,-1326.5183462854984,0.0,True
420,SHIB,Long,2023-11-12,open,2023-11-14,open,9.09e-06,8.53e-06,4057265345.41352,-2272.0685934315698,0.0,True
421,ORDI,Long,2023-11-16,open,2023-11-20,open,24.737563,23.277833,1464.3484460271754,-2137.55335711925,0.0,True
422,AVAX,Long,2023-11-17,open,2023-11-21,open,21.766766,20.861115,1653.2370906619021,-1497.2558243950407,0.0,True
423,ORDI,Long,2023-12-03,open,2023-12-08,open,32.028707,50.654124,1110.9472623075094,20691.85602548575,0.0,True
424,RUNE,Long,2023-12-03,open,2023-12-05,open,7.092117,6.697804,5017.148526582311,-1978.3268869622552,0.0,True
425,TIA,Long,2023-12-03,open,2023-12-09,open,8.886005,9.288499,4004.297134302688,1611.705570774022,0.0,True
426,BTC,Long,2023-12-05,open,2023-12-12,open,41986.264347,41238.73339,0.8966599320786133,-670.2810571302762,0.0,True
427,BTCB,Long,2023-12-05,open,2023-12-12,open,42005.974366,41297.54405,0.8962392018238208,-634.9230209596426,0.0,True
428,DOGE,Long,2023-12-05,open,2023-12-12,open,0.091921,0.094382,409562.5693542903,1007.9334831809101,0.0,True
429,ETH,Long,2023-12-05,open,2023-12-07,open,2243.092537,2233.217655,16.783703889437763,-165.73709543114092,0.0,True
430,LUNA,Long,2023-12-05,open,2023-12-07,open,1.241718,1.036323,30318.80099798482,-6227.330130981092,0.0,True
431,AVAX,Long,2023-12-06,open,2023-12-27,open,24.482793,44.426543,1610.7335794377987,32124.067824912607,0.0,True
432,SHIB,Long,2023-12-06,open,2023-12-12,open,9.49e-06,9.52e-06,4155453825.4504404,124.66361476351449,0.0,True
433,ADA,Long,2023-12-07,open,2023-12-16,open,0.442458,0.60127,86464.20887516823,13731.553939883212,0.0,True
434,DOT,Long,2023-12-07,open,2023-12-12,open,6.044444,6.706394,6329.247310503527,4189.645257187811,0.0,True
435,MATIC,Long,2023-12-09,open,2023-12-12,open,0.906425,0.841827,44617.21143188134,-2882.182624076675,0.0,True
436,XRP,Long,2023-12-09,open,2023-12-10,open,0.673131,0.658858,60080.66167230903,-857.5312840488623,0.0,True
437,BNB,Long,2023-12-13,open,2023-12-16,open,254.403954,244.896416,158.20088228631545,-1504.1008999706755,0.0,True
438,TIA,Long,2023-12-13,open,2023-12-20,open,12.091401,11.733996,3328.5580372305258,-1189.6432852963771,0.0,True
439,SEI,Long,2023-12-21,open,2023-12-23,open,0.384799,0.355519,106960.34876441206,-3131.7990118219896,0.0,True
440,BNB,Long,2023-12-22,open,2023-12-25,open,271.276527,264.735284,152.9068596505718,-1000.2009253412834,0.0,True
441,SOL,Long,2023-12-22,open,2023-12-28,open,93.854239,106.919637,441.962369334043,5774.4142563722635,0.0,True
442,ARB,Long,2023-12-23,open,2023-12-25,open,1.425802,1.357231,29000.494661734978,-1988.592919449824,0.0,True
443,OP,Long,2023-12-23,open,2023-12-29,open,3.491192,3.59033,11843.795268117898,1174.1701752906738,0.0,True
444,NEAR,Long,2023-12-25,open,2023-12-29,open,3.811151,3.771593,11063.930508027359,-437.66696303655044,0.0,True
445,ORDI,Long,2023-12-26,open,2023-12-27,open,75.1558,68.195271,570.8509937010945,-3973.42489633528,0.0,True
446,BNB,Long,2023-12-27,open,2024-01-03,open,297.748332,312.151607,139.9648293248134,2015.9519270933524,0.0,True
447,SEI,Long,2023-12-27,open,2023-12-28,open,0.501775,0.439143,83053.74813437871,-5201.822353152405,0.0,True
448,MATIC,Long,2023-12-28,open,2023-12-29,open,1.039432,1.003437,40004.42089434647,-1439.9591300920001,0.0,True
449,SEI,Long,2023-12-31,open,2024-01-06,open,0.593715,0.718173,68330.14962628907,8504.233762188684,0.0,True
450,ARB,Long,2024-01-02,open,2024-01-07,open,1.735242,1.748726,23815.457120168296,321.1276238083519,0.0,True
451,FIL,Long,2024-01-02,open,2024-01-04,open,7.60506,6.290881,5433.9586333460975,-7141.194322812145,0.0,True
452,ARB,Long,2024-01-12,open,2024-01-15,open,2.263995,2.029389,17962.435880955403,-4214.095232287422,0.0,True
453,ETC,Long,2024-01-12,open,2024-01-15,open,29.542147,26.452538,1376.5710739406863,-4253.066379186806,0.0,True
454,ETH,Long,2024-01-12,open,2024-01-13,open,2619.176967,2522.933806,15.526581645563022,-1494.327297093565,0.0,True
455,SUI,Long,2024-01-16,open,2024-01-17,open,1.371846,1.270861,28917.762002037296,-2920.260195775736,0.0,True
456,LINK,Long,2024-02-03,open,2024-02-07,open,17.790957,18.297543,2213.4104484581285,1121.2827454426151,0.0,True
457,TRX,Long,2024-02-07,open,2024-03-01,open,0.120913,0.140582,326606.0921216463,6424.0152259406605,0.0,True
458,BTC,Long,2024-02-10,open,2024-02-23,open,47153.528425,51283.904574,0.8394774905031502,3467.35780439659,0.0,True
459,BTCB,Long,2024-02-10,open,2024-02-23,open,47237.237458,51366.356908,0.8379898537839672,3460.1602041620354,0.0,True
460,BCH,Long,2024-02-12,open,2024-02-14,open,276.684971,270.773911,143.7609300926722,-849.7794834335946,0.0,True
461,ETH,Long,2024-02-12,open,2024-02-24,open,2507.578911,2921.962984,15.862507297033188,6573.1703817368325,0.0,True
462,ORDI,Long,2024-02-13,open,2024-02-14,open,70.993945,68.439842,568.936736958581,-1453.1230266761195,0.0,True
463,SEI,Long,2024-02-15,open,2024-02-22,open,0.879286,0.876552,46346.11439080662,-126.71027674446668,0.0,True
464,SOL,Long,2024-02-15,open,2024-02-16,open,116.968404,113.664843,348.3974145550861,-1150.952111225015,0.0,True
465,BNB,Long,2024-02-16,open,2024-02-19,open,354.687572,349.678272,115.63625711119913,-579.2567027471305,0.0,True
466,ADA,Long,2024-02-20,open,2024-02-22,open,0.63106,0.59848,65416.608018205574,-2131.2730892331383,0.0,True
467,DOT,Long,2024-02-20,open,2024-02-21,open,8.02899,7.732951,5141.593731710814,-1522.1122667419404,0.0,True
468,MATIC,Long,2024-02-21,open,2024-02-22,open,1.025977,0.950861,40346.0856432976,-3030.6365691819374,0.0,True
469,BNB,Long,2024-02-22,open,2024-03-01,open,378.713965,399.672412,107.01391860871979,2242.845541423172,0.0,True
470,WLD,Long,2024-02-22,open,2024-02-28,open,7.085296,7.166484,5719.967863939001,464.3927509374771,0.0,True
471,FIL,Long,2024-02-23,open,2024-02-28,open,8.056283,7.65982,5098.712569469216,-2021.450881429475,0.0,True
472,ETH,Long,2024-02-26,open,2024-03-15,open,3112.529021,3882.856819,13.260914740757194,10215.251251713235,0.0,True
473,BTC,Long,2024-02-27,open,2024-03-06,open,54519.362067,63776.051426,0.757281046887171,7009.91540849286,0.0,True
474,BTCB,Long,2024-02-27,open,2024-03-06,open,54563.932297,63964.612112,0.7566624662788182,7113.141573515408,0.0,True
475,DOGE,Long,2024-02-28,open,2024-03-06,open,0.097673,0.153925,420192.64010968927,23636.676391450244,0.0,True
476,BCH,Long,2024-02-29,open,2024-03-06,open,296.784708,401.49484,145.08067912508594,15191.41706183739,0.0,True
477,LTC,Long,2024-03-01,open,2024-03-06,open,79.917294,82.039035,533.5960548224572,1132.1526269550523,0.0,True
478,ADA,Long,2024-03-02,open,2024-03-06,open,0.719034,0.693489,61770.085602382554,-1577.9168367128586,0.0,True
479,PEPE,Long,2024-03-02,open,2024-03-13,open,3.99e-06,8.28e-06,11131526749.62996,47754.24975591253,0.0,True
480,SHIB,Long,2024-03-02,open,2024-03-13,open,1.687e-05,3.221e-05,2632767737.4643474,40386.657092703084,0.0,True
481,SOL,Long,2024-03-02,open,2024-03-06,open,130.044957,125.679311,341.5341336998061,-1491.017124650025,0.0,True
482,BNB,Long,2024-03-09,open,2024-03-17,open,488.092718,576.775186,116.80419107928627,10358.483937654688,0.0,True
483,WLD,Long,2024-03-10,open,2024-03-11,open,11.692446,9.562705,4851.043802462941,-10331.466878901236,0.0,True
484,FLOKI,Long,2024-03-11,open,2024-03-17,open,0.000273,0.000214,202607740.5107392,-11953.856690133616,0.0,True
485,BTC,Long,2024-03-12,open,2024-03-15,open,72125.121627,71387.873203,0.7870445295174926,-580.2473390045925,0.0,True
486,BTCB,Long,2024-03-12,open,2024-03-15,open,72230.566474,71444.825044,0.785895572863151,-617.5107112521655,0.0,True
487,SOL,Long,2024-03-12,open,2024-03-20,open,148.725618,169.975469,381.6805953182467,8110.65578010404,0.0,True
488,AVAX,Long,2024-03-13,open,2024-03-17,open,55.591368,53.498491,988.9525664789417,-2069.756080474748,0.0,True
489,NEAR,Long,2024-03-14,open,2024-03-16,open,7.755249,7.47739,7323.1282300922085,-2034.7970868851917,0.0,True
490,BCH,Long,2024-03-29,open,2024-04-04,open,569.156967,594.558577,95.7428082396896,2432.0214752093816,0.0,True
491,DOGE,Long,2024-03-29,open,2024-03-31,open,0.220056,0.199413,247630.99551825147,-5111.846640483258,0.0,True
492,WIF,Long,2024-04-01,open,2024-04-02,open,4.588222,4.229799,11997.409389393324,-4300.147465574526,0.0,True
493,PEPE,Long,2024-05-14,open,2024-05-17,open,9.91e-06,1.004e-05,5428323823.075631,705.6820969998298,0.0,True
494,TON,Long,2024-05-14,open,2024-05-17,open,7.021133,6.771338,7661.824535538566,-1913.885459854857,0.0,True
495,ETH,Long,2024-05-21,open,2024-05-30,open,3663.011327,3763.357546,14.652935510945527,1470.3666757742176,0.0,True
496,LINK,Long,2024-05-21,open,2024-05-23,open,17.277972,16.347695,3106.491245060127,-2889.8973559807855,0.0,True
497,SOL,Long,2024-05-21,open,2024-05-22,open,186.398425,178.345765,287.95237272200126,-2318.7825537235476,0.0,True
498,BONK,Long,2024-05-22,open,2024-05-25,open,3.293e-05,3.315e-05,1623385399.1091979,357.14478780402715,0.0,True
499,PEPE,Long,2024-05-22,open,2024-05-30,open,1.383e-05,1.476e-05,3865371018.992471,3594.795047662992,0.0,True
500,FLOKI,Long,2024-05-28,open,2024-05-30,open,0.000278,0.000268,196537725.1251122,-1965.3772512511205,0.0,True
501,BONK,Long,2024-05-29,open,2024-05-30,open,4.113e-05,3.635e-05,1328016800.178887,-6347.920304855077,0.0,True
502,BNB,Long,2024-06-05,open,2024-06-08,open,686.201394,683.368603,77.03846438839655,-218.23386857327569,0.0,True
