id,coin,direction,start,end,entry,exit,size,pnl,exited
1,ETC,Long,2020-01-29,2020-02-01,11.487793,11.32185899,867.27666281,-143.91069443948072,True
2,LTC,Long,2020-01-31,2020-02-05,68.17903901,68.114608,147.71056677,-9.517141004662335,True
3,TRX,Long,2020-01-31,2020-02-01,0.01951401,0.018664,516324.62313303,-438.88109290930515,True
4,ZEC,Long,2020-01-31,2020-02-05,66.90542001,64.32232199,151.17731702,-390.50582826327263,True
5,ONT,Long,2020-02-01,2020-02-16,0.770308,0.96042499,12900.32685169,2452.571311059479,True
6,VET,Long,2020-02-05,2020-02-11,0.00651201,0.00655799,1531459.08710677,70.41648882516893,True
7,XRP,Long,2020-02-05,2020-02-11,0.266692,0.27390199,37361.20055612,269.3738823976182,True
8,BCH,Long,2020-02-06,2020-02-16,442.34128501,438.87750299,22.70328401,-78.63922694879147,True
9,ETH,Long,2020-02-06,2020-02-17,204.129695,259.890552,49.13589905,2739.8598404934874,True
10,QTUM,Long,2020-02-06,2020-02-16,2.443564,2.68711499,4110.22350435,1001.0490036057126,True
11,TRX,Long,2020-02-06,2020-02-16,0.020762,0.023609,483011.00798344,1375.132339728856,True
12,XLM,Long,2020-02-06,2020-02-11,0.06876301,0.07088999,146000.27209439,310.5396587393261,True
13,BNB,Long,2020-02-07,2020-02-16,20.583084,24.228051,500.06074111,1822.7048993414937,True
14,HT,Long,2020-02-07,2020-02-18,3.705627,4.757568,2783.42307359,2927.9968514553384,True
15,OKB,Long,2020-02-11,2020-02-23,5.53698201,5.79846099,1983.85217903,518.7356442435412,True
16,EOS,Long,2020-02-12,2020-02-16,5.242849,4.75871699,2123.50374389,-1028.056135771989,True
17,LINK,Long,2020-02-12,2020-02-18,3.97520101,4.296799,2802.01441379,901.1222034258917,True
18,EOS,Long,2020-04-07,2020-04-08,2.73114101,2.63056599,4106.37869763,-412.9991196417104,True
19,ETH,Long,2020-04-07,2020-04-09,169.14745301,0.0,66.31103483,0.0,False
20,XLM,Long,2020-04-07,2020-04-09,0.04950501,0.0,226696.3569264,0.0,False
21,LINK,Long,2020-04-09,2020-04-09,3.140663,0.0,3577.26255834,0.0,False
22,LTC,Long,2020-04-09,2020-04-09,46.34803301,0.0,242.42677073,0.0,False
