id,surface,native_semantic,canonical_mapping,mapping_class,scope_tags,support,source_key,notes
HL-001,ENVIRONMENT,REST base URLs differ for MAINNET and TESTNET,VenueEnvironment::Mainnet;VenueEnvironment::Testnet,CANONICAL_MATCH,REQUIRED_FOR_CURRENT_STRATEGY,CONFIRMED,API_ROOT,Environment is deployment/config data; no silent environment fallback.
HL-002,ENVIRONMENT,WebSocket base URLs differ for MAINNET and TESTNET,VenueEnvironment,CANONICAL_MATCH,MOCK_REQUIRED;REQUIRED_FOR_REAL_RECONCILIATION,CONFIRMED,WS,Adapter selects endpoint explicitly from environment.
HL-003,INFO,/info is used for exchange/user state queries,MARKET_METADATA;ACCOUNT_SNAPSHOT;OPEN_ORDERS;HISTORICAL_ORDERS;FILLS,CANONICAL_MATCH,REQUIRED_FOR_REAL_RECONCILIATION,CONFIRMED,INFO,Read/query surface stays adapter-owned.
HL-004,EXCHANGE,/exchange carries signed actions,SUBMIT_ORDER;CANCEL_ORDER;MODIFY_ORDER,CANONICAL_WITH_VENUE_EXTENSION,REQUIRED_FOR_CURRENT_STRATEGY,CONFIRMED,EXCHANGE,Signing and wire format stay inside HyperliquidAdapter.
HL-005,INFO,time-range queries return bounded pages and require timestamp pagination,SNAPSHOT_BACKFILL,CANONICAL_WITH_VENUE_EXTENSION,REQUIRED_FOR_REAL_RECONCILIATION;MOCK_REQUIRED,CONFIRMED,INFO,Pagination limit is venue-native; canonical recovery must not assume unbounded history.
HL-006,ACCOUNT_IDENTITY,"Account state queries require actual master/subaccount address, not agent wallet address",ACCOUNT_SNAPSHOT,CANONICAL_WITH_VENUE_EXTENSION,REQUIRED_FOR_REAL_RECONCILIATION,CONFIRMED,INFO,Signer identity and account identity must remain distinct inside adapter config.
HL-010,MARKET_METADATA,perp meta returns universe and margin tables,MARKET_METADATA;TRADING_RULES,CANONICAL_MATCH,REQUIRED_FOR_CURRENT_STRATEGY;MOCK_REQUIRED,CONFIRMED,INFO_PERPS,
HL-011,MARKET_METADATA,metaAndAssetCtxs supplies perp contexts including mark/funding/open interest fields,MARKET_METADATA,CANONICAL_WITH_VENUE_EXTENSION,MOCK_REQUIRED,CONFIRMED,INFO_PERPS,Current strategy market-data source remains independent; execution venue metadata is still required for rules/accounting.
HL-012,ACCOUNT,clearinghouseState returns perp account/position/margin summary,ACCOUNT_SNAPSHOT;MARGIN_STATE,CANONICAL_MATCH,REQUIRED_FOR_REAL_RECONCILIATION;MOCK_REQUIRED,CONFIRMED,INFO_PERPS,
HL-013,SPOT,spotMeta describes token/pair universe and token IDs,MARKET_METADATA,CANONICAL_WITH_VENUE_EXTENSION,DEFERRED_FEATURE,CONFIRMED,INFO_SPOT,Spot execution is not required for the first Hyperliquid adapter scope unless Step47C deliberately expands v1.
HL-014,SPOT,spotClearinghouseState exposes token balances,ACCOUNT_SNAPSHOT,CANONICAL_WITH_VENUE_EXTENSION,DEFERRED_FEATURE,CONFIRMED,INFO_SPOT,
HL-015,ASSET_ID,default perp asset is index in meta universe,VenueAssetIdentity.venue_asset_id,CANONICAL_WITH_VENUE_EXTENSION,REQUIRED_FOR_CURRENT_STRATEGY,CONFIRMED,ASSET_IDS,Native integer ID must be stored explicitly; never derived heuristically from symbols.
HL-016,ASSET_ID,builder-deployed/HIP-3 perp IDs use a dex-index based encoding,VenueAssetIdentity.venue_asset_id,CANONICAL_WITH_VENUE_EXTENSION,DEFERRED_FEATURE,CONFIRMED,ASSET_IDS,Native encoding stays in adapter/registry leg.
HL-017,ASSET_ID,spot asset ID uses 10000 + spot universe index and differs from token ID,VenueAssetIdentity.venue_asset_id,CANONICAL_WITH_VENUE_EXTENSION,DEFERRED_FEATURE,CONFIRMED,ASSET_IDS,
HL-018,ASSET_ID,outcome assets use separate outcome/side encoding,VenueAssetIdentity.venue_asset_id,HYPERLIQUID_ONLY,OUT_OF_SCOPE,CONFIRMED,ASSET_IDS,
HL-019,ASSET_ID,MAINNET and TESTNET native asset IDs can differ,VenueContext.environment;VenueAssetIdentity,CANONICAL_MATCH,REQUIRED_FOR_CURRENT_STRATEGY,CONFIRMED,ASSET_IDS,Registry mapping must be environment-aware.
HL-020,TRADING_RULES,price supports up to five significant figures subject to decimal-place constraints; size follows szDecimals,TRADING_RULES,CANONICAL_WITH_VENUE_EXTENSION,REQUIRED_FOR_CURRENT_STRATEGY;MOCK_REQUIRED,CONFIRMED,TICK_LOT,Exact Hyperliquid rounding/validation belongs to concrete adapter/rule snapshot.
HL-021,TRADING_RULES,minimum perp order notional is documented through MinTradeNtl rejection as $10; spot minimum is 10 quote tokens,BELOW_MINIMUM,CANONICAL_WITH_VENUE_EXTENSION,REQUIRED_FOR_CURRENT_STRATEGY;MOCK_REQUIRED,CONFIRMED,ERRORS,Treat rule as a versioned venue rule; Step62 revalidates before private integration.
HL-030,ORDER_SUBMIT,order action accepts batched orders,SUBMIT_ORDER;BATCH_ACTIONS,CANONICAL_MATCH,REQUIRED_FOR_CURRENT_STRATEGY;MOCK_REQUIRED,CONFIRMED,EXCHANGE,
HL-031,ORDER_TIF,GTC rests until canceled/filled,TIF_GTC,CANONICAL_MATCH,MOCK_REQUIRED,CONFIRMED,EXCHANGE,
HL-032,ORDER_TIF,IOC cancels unfilled remainder,TIF_IOC,CANONICAL_MATCH,MOCK_REQUIRED,CONFIRMED,EXCHANGE,
HL-033,ORDER_TIF,ALO is add-liquidity-only/post-only and cancels rather than immediately matching,POST_ONLY,CANONICAL_MATCH,MOCK_REQUIRED,CONFIRMED,EXCHANGE,
HL-034,ORDER_FLAG,reduceOnly is an explicit order field,REDUCE_ONLY,CANONICAL_MATCH,MOCK_REQUIRED,CONFIRMED,EXCHANGE,
HL-035,CLIENT_ID,cloid is an optional 128-bit hex client order ID,CLIENT_ORDER_ID;VenueNativeReferences.native_client_order_id,CANONICAL_MATCH,REQUIRED_FOR_CURRENT_STRATEGY;MOCK_REQUIRED,CONFIRMED,EXCHANGE,
HL-036,IDEMPOTENCY,"Docs document cloid, but do not state a repeated-submit same-cloid idempotency guarantee",IDEMPOTENT_SUBMIT,UNSUPPORTED_BY_CANONICAL_MODEL,REQUIRED_FOR_CURRENT_STRATEGY;MOCK_REQUIRED,NOT_CONFIRMED,EXCHANGE,Step47C must define canonical/local idempotency policy without assuming cloid alone is a venue guarantee.
HL-037,TRIGGER_ORDER,"order payload supports trigger TP/SL with isMarket, triggerPx and tpsl",,UNSUPPORTED_BY_CANONICAL_MODEL,DEFERRED_FEATURE,CONFIRMED,EXCHANGE,47A capability vocabulary has no trigger-order/TP-SL capability.
HL-038,ORDER_GROUPING,order action supports grouping na/normalTpsl/positionTpsl,,UNSUPPORTED_BY_CANONICAL_MODEL,DEFERRED_FEATURE,CONFIRMED,EXCHANGE,Venue-specific grouping must not leak into core unless deliberately modeled.
HL-039,CANCEL,cancel uses asset + native oid,CANCEL_ORDER;VenueNativeReferences.native_order_id,CANONICAL_MATCH,REQUIRED_FOR_CURRENT_STRATEGY;MOCK_REQUIRED,CONFIRMED,EXCHANGE,
HL-040,CANCEL,cancelByCloid cancels using asset + cloid,CANCEL_ORDER;CLIENT_ORDER_ID,CANONICAL_WITH_VENUE_EXTENSION,MOCK_REQUIRED,CONFIRMED,EXCHANGE,
HL-041,MODIFY,modify can address order by oid or cloid and supplies replacement order fields,MODIFY_ORDER,CANONICAL_MATCH,REQUIRED_FOR_CURRENT_STRATEGY;MOCK_REQUIRED,CONFIRMED,EXCHANGE,
HL-042,MODIFY,batchModify modifies multiple orders in one action,MODIFY_ORDER;BATCH_ACTIONS,CANONICAL_MATCH,MOCK_REQUIRED,CONFIRMED,EXCHANGE,
HL-043,DEAD_MANS_SWITCH,scheduleCancel schedules cancel-all; omitting time removes it,DEAD_MANS_SWITCH,CANONICAL_MATCH,MOCK_REQUIRED,CONFIRMED,EXCHANGE,Hyperliquid timing/trigger-count details are adapter-native.
HL-044,LEVERAGE,updateLeverage configures cross/isolated leverage per asset,LEVERAGE,CANONICAL_MATCH,MOCK_REQUIRED,CONFIRMED,EXCHANGE,
HL-045,MARGIN,updateIsolatedMargin/topUpIsolatedOnlyMargin are venue-native isolated-margin actions,MARGIN_STATE,CANONICAL_WITH_VENUE_EXTENSION,DEFERRED_FEATURE,CONFIRMED,EXCHANGE,
HL-046,ACTION_EXPIRY,some actions support expiresAfter; stale expiry consumes extra address-based rate limit,,CANONICAL_WITH_VENUE_EXTENSION,DEFERRED_FEATURE,CONFIRMED,EXCHANGE,"Potential adapter safety feature, not a universal core assumption."
HL-047,API_WALLET,approveAgent authorizes an API/agent wallet; agent wallet signs on behalf of account/subaccounts,,CANONICAL_WITH_VENUE_EXTENSION,DEFERRED_FEATURE,CONFIRMED,NONCES,Private integration belongs to historical Step37; no key material is introduced in Step47B.
HL-048,NONCE,Hyperliquid keeps a signer-specific set of high nonces with a documented time window,,CANONICAL_WITH_VENUE_EXTENSION,REQUIRED_FOR_CURRENT_STRATEGY,CONFIRMED,NONCES,Nonce generation/replay protection is adapter-owned.
HL-049,SIGNING,Docs describe two signing schemes and msgpack/address/number formatting pitfalls,,CANONICAL_WITH_VENUE_EXTENSION,REQUIRED_FOR_CURRENT_STRATEGY,CONFIRMED,SIGNING,No signing implementation in Step47B.
HL-050,TRANSFER,"USDC/spot transfers, withdrawals, staking, vault actions exist on /exchange",,HYPERLIQUID_ONLY,OUT_OF_SCOPE,CONFIRMED,EXCHANGE,Capital movement is intentionally outside current trading adapter scope.
HL-051,TWAP,twapOrder/twapCancel are supported venue-native actions,,HYPERLIQUID_ONLY,DEFERRED_FEATURE,CONFIRMED,EXCHANGE,Not required for current PureRSI execution path.
HL-052,NONCE_CONTROL,noop can invalidate/use a pending nonce,,HYPERLIQUID_ONLY,DEFERRED_FEATURE,CONFIRMED,EXCHANGE,Adapter-native optimization/safety primitive.
HL-060,OPEN_ORDERS,openOrders info returns current open orders,OPEN_ORDERS,CANONICAL_MATCH,REQUIRED_FOR_REAL_RECONCILIATION;MOCK_REQUIRED,CONFIRMED,INFO,
HL-061,ORDER_STATUS,orderStatus queries by oid or cloid and exposes detailed lifecycle statuses,HISTORICAL_ORDERS,UNSUPPORTED_BY_CANONICAL_MODEL,REQUIRED_FOR_REAL_RECONCILIATION;MOCK_REQUIRED,CONFIRMED,INFO,47A has no canonical order-lifecycle status vocabulary; Step47C must freeze one.
HL-062,ORDER_HISTORY,historicalOrders returns recent order history with status,HISTORICAL_ORDERS,CANONICAL_MATCH,REQUIRED_FOR_REAL_RECONCILIATION;MOCK_REQUIRED,CONFIRMED,INFO,
HL-063,FILLS,userFills returns recent fills including px/sz/oid/fee/closedPnl/hash/tid,FILLS;VenueNativeReferences.native_fill_id,CANONICAL_WITH_VENUE_EXTENSION,REQUIRED_FOR_REAL_RECONCILIATION;MOCK_REQUIRED,CONFIRMED,INFO,Adapter must preserve native evidence without making Hyperliquid fill fields universal.
HL-064,FILLS,userFillsByTime supplies bounded time-window recovery,FILLS;SNAPSHOT_BACKFILL,CANONICAL_MATCH,REQUIRED_FOR_REAL_RECONCILIATION;MOCK_REQUIRED,CONFIRMED,INFO,
HL-065,RATE_LIMIT,userRateLimit exposes address-based request capacity/usage,RATE_LIMIT_INTROSPECTION,CANONICAL_MATCH,MOCK_REQUIRED,CONFIRMED,INFO,
HL-066,FEES,user fee schedule/rates are queryable through info,,UNSUPPORTED_BY_CANONICAL_MODEL,MOCK_REQUIRED,CONFIRMED,INFO,"Mock accounting needs fees, but Step47A capability vocabulary has no fee-schedule/accounting capability."
HL-067,FUNDING,user funding is available through user stream/info surfaces,,UNSUPPORTED_BY_CANONICAL_MODEL,MOCK_REQUIRED,CONFIRMED,WS_SUBS,Mock Step52 requires funding where applicable; Step47A has no funding capability/vocabulary.
HL-070,WS_USER_STREAM,orderUpdates streams user order lifecycle updates,USER_STREAM,CANONICAL_MATCH,REQUIRED_FOR_REAL_RECONCILIATION;MOCK_REQUIRED,CONFIRMED,WS_SUBS,
HL-071,WS_USER_STREAM,userFills provides snapshot then streaming fills,USER_STREAM;FILLS;SNAPSHOT_BACKFILL,CANONICAL_MATCH,REQUIRED_FOR_REAL_RECONCILIATION;MOCK_REQUIRED,CONFIRMED,WS_SUBS,
HL-072,WS_USER_STREAM,clearinghouseState and openOrders subscriptions expose user state,USER_STREAM;ACCOUNT_SNAPSHOT;OPEN_ORDERS,CANONICAL_MATCH,REQUIRED_FOR_REAL_RECONCILIATION;MOCK_REQUIRED,CONFIRMED,WS_SUBS,
HL-073,WS_RECOVERY,time-series user feeds mark first replay message isSnapshot=true,SNAPSHOT_BACKFILL,CANONICAL_MATCH,REQUIRED_FOR_REAL_RECONCILIATION;MOCK_REQUIRED,CONFIRMED,WS_SUBS,
HL-074,WS_RECOVERY,automated clients must reconnect; missed data can be recovered from snapshot ack or corresponding info request,SNAPSHOT_BACKFILL,CANONICAL_MATCH,REQUIRED_FOR_REAL_RECONCILIATION;MOCK_REQUIRED,CONFIRMED,WS,
HL-075,WS_HEARTBEAT,connection can be closed after 60 seconds without server-sent messages; ping/pong keeps it alive,,CANONICAL_WITH_VENUE_EXTENSION,MOCK_REQUIRED,CONFIRMED,WS_HEARTBEAT,"Technical transport timing uses wall/monotonic time, not TimeHandler."
HL-076,WS_POST,WebSocket can carry info requests and signed actions using request id correlation,,CANONICAL_WITH_VENUE_EXTENSION,DEFERRED_FEATURE,CONFIRMED,WS_POST,Transport choice is adapter-owned; canonical semantics must be identical to REST path.
HL-077,RATE_LIMIT,REST has weighted per-IP limits; WebSocket has connection/subscription/message/inflight limits,,CANONICAL_WITH_VENUE_EXTENSION,MOCK_REQUIRED,CONFIRMED,RATE_LIMITS,"Exact numbers are versioned venue-native policy, revalidated at Step62."
HL-078,RATE_LIMIT,address-based action limits depend on cumulative traded volume with a starter buffer; cancels have a separate larger allowance,,CANONICAL_WITH_VENUE_EXTENSION,MOCK_REQUIRED,CONFIRMED,RATE_LIMITS,
HL-079,RATE_LIMIT,open-order count has a user limit and high-count behavior can reject certain orders,,CANONICAL_WITH_VENUE_EXTENSION,MOCK_REQUIRED,CONFIRMED,RATE_LIMITS,
HL-080,ERRORS,batched order/cancel errors are usually returned per item,VenueError,CANONICAL_WITH_VENUE_EXTENSION,MOCK_REQUIRED,CONFIRMED,ERRORS,
HL-081,ERRORS,some payload pre-validation failures return one error for the entire batch,VenueError,UNSUPPORTED_BY_CANONICAL_MODEL,MOCK_REQUIRED,CONFIRMED,ERRORS,Step47A does not define operation-level vs per-item batch result envelopes.
HL-082,ORDER_LIFECYCLE,orderStatus includes open/filled/canceled/triggered/rejected and multiple cancel/reject terminal reasons,,UNSUPPORTED_BY_CANONICAL_MODEL,REQUIRED_FOR_REAL_RECONCILIATION;MOCK_REQUIRED,CONFIRMED,INFO,Step47C must define canonical lifecycle/status + reason mapping.
HL-083,FILL_IDENTITY,WebSocket docs note tid alone is not globally unique; global identity can require block_time + coin + tid,VenueNativeReferences.native_fill_id,CANONICAL_WITH_VENUE_EXTENSION,REQUIRED_FOR_REAL_RECONCILIATION;MOCK_REQUIRED,CONFIRMED,WS_SUBS,HyperliquidAdapter must construct a stable opaque native fill reference; do not assume tid alone.
HL-084,SYMBOL_MAPPING,UI asset names can be remapped relative to HyperCore/L1 names,VenueAssetIdentity,CANONICAL_MATCH,REQUIRED_FOR_CURRENT_STRATEGY,CONFIRMED,INFO,Confirms explicit versioned registry; never trust UI-name heuristics.
HL-085,PRODUCT_PARTITION,perp APIs include a dex dimension and builder-deployed perps have dex-qualified names,,UNSUPPORTED_BY_CANONICAL_MODEL,DEFERRED_FEATURE,CONFIRMED,INFO_PERPS,Step47A asset identity lacks an explicit canonical product/market partition; Step47C must decide whether to add one.
HL-086,SUBACCOUNT_VAULT,subaccounts/vaults use master signing plus vaultAddress; they have no private key of their own,,CANONICAL_WITH_VENUE_EXTENSION,DEFERRED_FEATURE,CONFIRMED,EXCHANGE,Adapter authentication/account-selection concern.
HL-087,MARGIN_MODEL,"perps support cross, isolated and isolated-only margin concepts",MARGIN_STATE;LEVERAGE,CANONICAL_WITH_VENUE_EXTENSION,MOCK_REQUIRED,CONFIRMED,MARGINING,
HL-088,REJECT_MAPPING,"open-interest cap, oracle and max-position rejections have distinct native reasons",VenueErrorClass::Unknown,UNSUPPORTED_BY_CANONICAL_MODEL,MOCK_REQUIRED,CONFIRMED,ERRORS,47A error taxonomy can preserve them as native evidence but lacks a useful canonical risk/venue-limit class; Step47C decides whether to extend.
