trade_id,strategy_id,strategy_name,start_ts,end_ts,commission,coin,direction,entry_price,exit_price,peak_quantity,fill_count,exited,pnl
1,1,Pure_RSI,20200129,20200201,0,ETC,1,11.487793,11.321859,870.48922277760403,2,1,-144.44375869237956
3,1,Pure_RSI,20200131,20200201,0,TRX,1,0.019514,0.018664,515961.10597307194,2,1,-438.56694007711121
2,1,Pure_RSI,20200131,20200205,0,LTC,1,68.179039000000003,68.114608000000004,147.67683982695218,2,1,-9.5149664668897458
4,1,Pure_RSI,20200131,20200205,0,ZEC,1,66.905420000000007,64.322322,150.48803253844792,2,1,-388.72533587399994
6,1,Pure_RSI,20200205,20200211,0,VET,1,0.0065120000000000004,0.0065579999999999996,1531198.3790807258,2,1,70.435125437710667
12,1,Pure_RSI,20200206,20200211,0,XLM,1,0.068763000000000005,0.070889999999999995,146001.97564018343,2,1,310.54620218666787
7,1,Pure_RSI,20200205,20200211,0,XRP,1,0.26669199999999998,0.27390199999999998,37388.312527461225,2,1,269.5697333229964
8,1,Pure_RSI,20200206,20200216,0,BCH,1,442.34128500000003,438.87750299999999,22.696352774184156,2,1,-78.615218204869961
13,1,Pure_RSI,20200207,20200216,0,BNB,1,20.583083999999999,24.228051000000001,500.67823944065782,2,1,1824.9556603792971
16,1,Pure_RSI,20200212,20200216,0,EOS,1,5.2428489999999996,4.7587169999999999,2126.4640740846257,2,1,-1029.4893051147374
5,1,Pure_RSI,20200201,20200216,0,ONT,1,0.77030799999999999,0.96042499999999997,12891.962095469151,2,1,2450.9811577043092
10,1,Pure_RSI,20200206,20200216,0,QTUM,1,2.4435639999999998,2.6871149999999999,4108.5618592129913,2,1,1000.644349373184
11,1,Pure_RSI,20200206,20200216,0,TRX,1,0.020761999999999999,0.023609000000000002,483553.31138358224,2,1,1376.6762775090592
9,1,Pure_RSI,20200206,20200217,0,ETH,1,204.129695,259.89055200000001,49.182133206763154,2,1,2742.4378966972727
14,1,Pure_RSI,20200207,20200218,0,HT,1,3.7056269999999998,4.757568,2781.04144302143,2,1,2925.4915166134069
17,1,Pure_RSI,20200212,20200218,0,LINK,1,3.9752010000000002,4.296799,2804.5701448431173,2,1,901.94414944125674
15,1,Pure_RSI,20200211,20200223,0,OKB,1,5.5369820000000001,5.7984609999999996,1982.0313894183646,2,1,518.25958567372254
18,1,Pure_RSI,20200407,20200408,0,EOS,1,2.731141,2.630566,4111.9292680205408,2,1,-413.55728613116662
23,1,Pure_RSI,20200410,20200411,0,ATOM,1,2.5855779999999999,2.307957,4379.3393894337778,2,1,-1215.7965806339944
24,1,Pure_RSI,20200410,20200411,0,DASH,1,82.920876000000007,74.420175999999998,136.55335213599778,2,1,-1160.7990805024783
19,1,Pure_RSI,20200407,20200411,0,ETH,1,169.14745300000001,158.538985,66.393306040445594,2,1,-704.33126254427589
22,1,Pure_RSI,20200409,20200411,0,LTC,1,46.348033000000001,42.256740999999998,242.63448566493054,2,1,-992.68853012504587
20,1,Pure_RSI,20200407,20200411,0,XLM,1,0.049505,0.047851999999999999,226850.99713141882,2,1,-374.98469825823668
25,1,Pure_RSI,20200410,20200411,0,ZEC,1,41.059913000000002,36.769347000000003,275.77076405041112,2,1,-1183.212664028717
21,1,Pure_RSI,20200409,20200415,0,LINK,1,3.140663,3.2406929999999998,3580.6551510099071,2,1,358.17293475552106
26,1,Pure_RSI,20200420,20200421,0,ZEC,1,46.664571000000002,42.375169999999997,228.47180779276954,2,1,-980.00720081811414
33,1,Pure_RSI,20200430,20200501,0,EOS,1,3.0176340000000001,2.8342510000000001,3644.9212626767116,2,1,-668.41659591344433
34,1,Pure_RSI,20200430,20200501,0,ETH,1,216.90913399999999,207.90173100000001,50.70804593031189,2,1,-456.74780503682814
35,1,Pure_RSI,20200430,20200501,0,HT,1,4.3162450000000003,4.2090350000000001,2548.2886929671918,2,1,-273.20203077301267
36,1,Pure_RSI,20200430,20200501,0,LTC,1,49.147854000000002,46.714263000000003,223.79488491147907,2,1,-544.62521776661015
30,1,Pure_RSI,20200429,20200501,0,TRX,1,0.015389,0.015276,693067.94426903559,2,1,-78.316677702401648
27,1,Pure_RSI,20200424,20200501,0,XLM,1,0.061823999999999997,0.067781999999999995,170864.68323243785,2,1,1018.0117826988644
31,1,Pure_RSI,20200429,20200501,0,XRP,1,0.215562,0.21285799999999999,49478.213202494822,2,1,-133.78908849954678
28,1,Pure_RSI,20200425,20200501,0,XTZ,1,2.7280859999999998,2.7609880000000002,3870.8148661287473,2,1,127.35755072536995
29,1,Pure_RSI,20200427,20200505,0,DOGE,1,0.0024099999999999998,0.0024810000000000001,4393971.3811059492,2,1,311.97196805852218
37,1,Pure_RSI,20200503,20200507,0,ETC,1,7.4795340000000001,6.9839869999999999,1410.1829837651758,2,1,-698.81194705588132
32,1,Pure_RSI,20200430,20200511,0,BTC,1,8797.6700500000006,8755.5356389999997,1.2502217367854318,2,1,-52.677356498850713
38,1,Pure_RSI,20200508,20200511,0,NEO,1,9.9018029999999992,9.7806789999999992,1067.2943141749831,2,1,-129.27495651013123
39,1,Pure_RSI,20200523,20200525,0,OMG,1,1.8078959999999999,1.5388409999999999,5755.6884570433485,2,1,-1548.5967578097989
41,1,Pure_RSI,20200531,20200601,0,ETH,1,242.351384,230.860253,42.297371253938707,2,1,-486.04463403464433
43,1,Pure_RSI,20200602,20200606,0,NEO,1,12.407389,11.865326,832.2974073398284,2,1,-451.15762951484976
44,1,Pure_RSI,20200604,20200606,0,XLM,1,0.082708000000000004,0.079493999999999995,126391.81631609265,2,1,-406.22329763992275
40,1,Pure_RSI,20200531,20200610,0,ADA,1,0.076905000000000001,0.083393999999999996,133292.06765429894,2,1,864.93222700874503
42,1,Pure_RSI,20200531,20200615,0,VET,1,0.0062329999999999998,0.008685,1644605.5611990793,2,1,4032.5728360601424
45,1,Pure_RSI,20200624,20200627,0,LINK,1,4.8086900000000004,4.6794690000000001,2205.639043719144,2,1,-285.0148828684305
48,1,Pure_RSI,20200707,20200708,0,BSV,1,191.92487800000001,184.460688,57.671516036540773,2,1,-430.47115328478685
50,1,Pure_RSI,20200707,20200708,0,TRX,1,0.018005,0.017145000000000001,614751.38458140136,2,1,-528.68619074000526
47,1,Pure_RSI,20200705,20200711,0,ADA,1,0.099964999999999998,0.118349,108135.50684915863,2,1,1987.9631579149318
49,1,Pure_RSI,20200707,20200711,0,DOGE,1,0.002614,0.0035279999999999999,4234352.976047487,2,1,3870.1986201074033
54,1,Pure_RSI,20200710,20200711,0,ETC,1,6.6668989999999999,6.3781280000000002,1886.2825860355979,2,1,-544.70370865208497
52,1,Pure_RSI,20200709,20200711,0,QTUM,1,2.0169600000000001,2.0351539999999999,6382.6659013079079,2,1,116.12622340839516
46,1,Pure_RSI,20200704,20200711,0,VET,1,0.010248,0.017139999999999999,1032175.3439554027,2,1,7113.752470540634
53,1,Pure_RSI,20200709,20200714,0,XLM,1,0.084874000000000005,0.090219999999999995,151678.74515519472,2,1,810.87457159966834
55,1,Pure_RSI,20200713,20200716,0,BNB,1,18.236545,17.591650000000001,669.74776300556198,2,1,-431.91698362347233
51,1,Pure_RSI,20200708,20200719,0,LINK,1,5.7139800000000003,7.9588700000000001,2031.8048475502521,2,1,4561.1783842170844
57,1,Pure_RSI,20200717,20200720,0,XLM,1,0.100758,0.099898000000000001,121932.6153613746,2,1,-104.86204921078206
56,1,Pure_RSI,20200715,20200721,0,QTUM,1,2.3444950000000002,2.2338249999999999,5243.1100547570077,2,1,-580.25498975995833
61,1,Pure_RSI,20200727,20200728,0,ADA,1,0.14789099999999999,0.138762,83470.184988186549,2,1,-761.99931875715447
63,1,Pure_RSI,20200728,20200803,0,BCH,1,268.38760100000002,283.91140999999999,46.912230903533263,2,1,728.25651231034681
64,1,Pure_RSI,20200728,20200803,0,BSV,1,207.899587,217.836242,60.561260805955115,2,1,601.77635499379903
62,1,Pure_RSI,20200727,20200803,0,BTC,1,9905.2179140000007,11043.768884999999,1.2462612367810948,2,1,1418.9319412567747
67,1,Pure_RSI,20200729,20200803,0,DASH,1,79.816079000000002,85.054271999999997,160.7748499438176,2,1,842.1696935517557
68,1,Pure_RSI,20200729,20200803,0,EOS,1,2.99403,2.94035,4286.0018517947019,2,1,-230.07257940433919
60,1,Pure_RSI,20200726,20200803,0,LTC,1,48.836587000000002,56.624898999999999,252.98212381934147,2,1,1970.3037107276614
66,1,Pure_RSI,20200728,20200804,0,ZEC,1,70.706733999999997,82.466205000000002,178.06876937290522,2,1,2093.9945294463687
59,1,Pure_RSI,20200726,20200808,0,BNB,1,19.752637,22.312598999999999,625.4751453868181,2,1,1601.1926041347288
58,1,Pure_RSI,20200723,20200808,0,ETH,1,262.38864699999999,379.55158399999999,46.34976741240893,2,1,5430.474879304722
65,1,Pure_RSI,20200728,20200809,0,XRP,1,0.223889,0.29461799999999999,56236.175559126867,2,1,3977.5284611214847
70,1,Pure_RSI,20200806,20200810,0,ZEC,1,95.993109000000004,90.251197000000005,146.93787088927843,2,1,-843.70432411359798
71,1,Pure_RSI,20200807,20200811,0,DASH,1,100.58121,95.654415,140.24812909054171,2,1,-690.97378116263644
72,1,Pure_RSI,20200810,20200812,0,ATOM,1,5.2839850000000004,4.9336320000000002,2720.6211819561754,2,1,-953.17779296189292
73,1,Pure_RSI,20200811,20200812,0,NEO,1,14.536187999999999,13.738243000000001,986.56616113360178,2,1,-787.22553544575021
74,1,Pure_RSI,20200811,20200814,0,XTZ,1,4.2801200000000001,4.1742410000000003,3350.5862435343697,2,1,-354.75672087917519
69,1,Pure_RSI,20200805,20200818,0,LINK,1,9.8321389999999997,16.783691999999999,1424.7073800092023,2,1,9903.9288616251088
76,1,Pure_RSI,20200816,20200819,0,EOS,1,3.7314829999999999,3.5887380000000002,3996.6328471163174,2,1,-570.49935576161806
78,1,Pure_RSI,20200818,20200819,0,QTUM,1,3.4116119999999999,3.2999689999999999,4365.6532691167649,2,1,-487.39462792400263
77,1,Pure_RSI,20200818,20200820,0,NEO,1,16.540327999999999,15.878748999999999,900.46068498508532,2,1,-595.72587951174683
75,1,Pure_RSI,20200815,20200820,0,TRX,1,0.024739000000000001,0.026519000000000001,589217.58287819813,2,1,1048.8072975231935
79,1,Pure_RSI,20200821,20200822,0,NEO,1,17.791906000000001,16.634823999999998,814.74330255083817,2,1,-942.72481000213156
81,1,Pure_RSI,20200821,20200822,0,QTUM,1,4.0758900000000002,3.7817889999999998,3556.4836767219117,2,1,-1045.9654058075921
80,1,Pure_RSI,20200821,20200826,0,OMG,1,5.7226210000000002,5.1709529999999999,2533.0764090639714,2,1,-1397.4171964355046
82,1,Pure_RSI,20200824,20200827,0,ATOM,1,8.5038470000000004,7.7300750000000003,1701.8232282227711,2,1,-1316.8231629483907
83,1,Pure_RSI,20200902,20200903,0,ETH,1,477.00788399999999,440.23999199999997,29.4031685136565,2,1,-1081.092524367923
84,1,Pure_RSI,20200902,20200905,0,TRX,1,0.034617000000000002,0.035749000000000003,405163.45135611726,2,1,458.64502693512622
85,1,Pure_RSI,20200913,20200914,0,YFI,1,43341.267734000001,36805.610881000001,0.32217097412906592,2,1,-2105.5989349043157
86,1,Pure_RSI,20200914,20200916,0,BNB,1,31.102444999999999,27.196296,442.11592888154399,2,1,-1726.9706934847127
87,1,Pure_RSI,20201012,20201014,0,LTC,1,50.615707,50.007182,268.29698304940263,2,1,-163.26542161013822
90,1,Pure_RSI,20201014,20201017,0,BCH,1,253.63146599999999,250.79401799999999,53.499005623011605,2,1,-151.80064650700297
89,1,Pure_RSI,20201013,20201017,0,BTC,1,11548.719759,11322.122686000001,1.1797450224223862,2,1,-267.32676896723024
88,1,Pure_RSI,20201012,20201017,0,XMR,1,125.777919,120.286422,107.9684064657846,2,1,-592.90818020163533
92,1,Pure_RSI,20201025,20201027,0,LTC,1,59.095585999999997,56.745752000000003,230.0942080686342,2,1,-540.6831933227495
91,1,Pure_RSI,20201021,20201103,0,BTC,1,11913.077488999999,13550.450881999999,1.1300615977453863,2,1,1850.3327925993635
93,1,Pure_RSI,20201106,20201108,0,BTC,1,15579.729239,14833.754084,0.87251043536646888,2,1,-650.87110726161882
94,1,Pure_RSI,20201107,20201108,0,ETH,1,454.72255200000001,435.71880599999997,29.891343571078291,2,1,-568.0475008235062
95,1,Pure_RSI,20201107,20201108,0,XEM,1,0.12524299999999999,0.11732099999999999,108527.16743729802,2,1,-859.75222043827489
96,1,Pure_RSI,20201111,20201112,0,YFI,1,18194.498135999998,16769.326653,0.73569543706590179,2,1,-1048.4921570795432
97,1,Pure_RSI,20201114,20201117,0,UNI,1,3.8796590000000002,3.759261,3423.1771510463423,2,1,-412.14368263167853
101,1,Pure_RSI,20201118,20201122,0,YFI,1,23754.533232000002,24250.600743999999,0.55936699246365318,2,1,277.48379224636483
102,1,Pure_RSI,20201119,20201123,0,ETC,1,6.0618270000000001,6.0203769999999999,2197.4468086184788,2,1,-91.084170217234714
108,1,Pure_RSI,20201122,20201123,0,LINK,1,15.355934,14.444813999999999,937.14909340665804,2,1,-853.85528198467364
105,1,Pure_RSI,20201122,20201125,0,DOT,1,5.7519210000000003,5.7293349999999998,2501.9119049987776,2,1,-56.508182286303054
109,1,Pure_RSI,20201125,20201126,0,BNB,1,33.857773999999999,31.317729,481.37943023576571,2,1,-1222.7254148732045
104,1,Pure_RSI,20201122,20201126,0,DASH,1,93.883915999999999,102.359801,153.28290765494353,2,1,1299.2082977489226
107,1,Pure_RSI,20201122,20201126,0,ETH,1,549.486625,570.51490899999999,26.189535780807176,2,1,550.72099622697533
100,1,Pure_RSI,20201118,20201126,0,LTC,1,75.849858999999995,81.875196000000003,175.18162837140864,2,1,1055.5283471464991
111,1,Pure_RSI,20201125,20201126,0,ZEC,1,86.171706,78.408105000000006,189.13906563682656,2,1,-1468.4002391171307
103,1,Pure_RSI,20201122,20201127,0,ADA,1,0.13294500000000001,0.138292,108246.26444403682,2,1,578.79277598226508
99,1,Pure_RSI,20201118,20201127,0,BTC,1,17645.190473999999,17153.913124999999,0.75303816249196842,2,1,-369.95059216488517
106,1,Pure_RSI,20201122,20201127,0,EOS,1,3.2161010000000001,2.9425140000000001,4474.6106003861432,2,1,-1224.1952903278452
98,1,Pure_RSI,20201117,20201127,0,XRP,1,0.291796,0.53338300000000005,45190.479620816783,2,1,10917.432400154265
110,1,Pure_RSI,20201125,20201202,0,XLM,1,0.19505800000000001,0.184473,83556.870044660158,2,1,-884.44946942272873
113,1,Pure_RSI,20201217,20201219,0,XMR,1,158.71420699999999,154.80766299999999,88.778098304074746,2,1,-346.81554726119248
115,1,Pure_RSI,20201221,20201222,0,BCH,1,348.31983500000001,314.39493700000003,40.961766738999707,2,1,-1389.6237585203562
112,1,Pure_RSI,20201217,20201222,0,BTC,1,21308.351404000001,22794.0396,0.66125929707796294,2,1,982.42513216398584
114,1,Pure_RSI,20201219,20201222,0,LTC,1,109.365532,104.950577,129.62738612291065,2,1,-572.29907650027599
118,1,Pure_RSI,20201230,20210101,0,BNB,1,38.947347999999998,37.374572000000001,364.73599446272544,2,1,-573.64801842710585
119,1,Pure_RSI,20210101,20210102,0,UNI,1,5.1668609999999999,4.7346029999999999,2827.952332882187,2,1,-1222.4050195069867
117,1,Pure_RSI,20201229,20210108,0,DOT,1,6.5827540000000004,9.6451259999999994,2125.5218620397345,2,1,6509.1386356983421
125,1,Pure_RSI,20210105,20210108,0,ETC,1,7.0152140000000003,7.2153340000000004,2098.2065062662537,2,1,419.89308603400241
126,1,Pure_RSI,20210106,20210109,0,UNI,1,6.2839229999999997,5.8887299999999998,2438.2671267882401,2,1,-963.58610063682318
123,1,Pure_RSI,20210105,20210111,0,ADA,1,0.22481699999999999,0.30499599999999999,65472.662910945844,2,1,5249.5326395367283
120,1,Pure_RSI,20210104,20210111,0,BNB,1,41.198281999999999,42.472622000000001,360.36366109686907,2,1,459.2258278821846
124,1,Pure_RSI,20210105,20210111,0,DOGE,1,0.0097669999999999996,0.0098580000000000004,1507051.0553547775,2,1,137.14164603728568
127,1,Pure_RSI,20210107,20210111,0,XLM,1,0.34315800000000002,0.288331,48071.240500334985,2,1,-2635.601902911867
129,1,Pure_RSI,20210110,20210112,0,BCH,1,574.37335399999995,479.27929399999999,28.691538406356479,2,1,-2728.394874706366
130,1,Pure_RSI,20210110,20210112,0,BSV,1,284.77545500000002,191.105345,57.868945011004485,2,1,-5420.5904447647426
116,1,Pure_RSI,20201227,20210112,0,BTC,1,26439.373288999999,35516.361141000001,0.52791395596712332,2,1,4791.8685652148415
131,1,Pure_RSI,20210111,20210112,0,DASH,1,148.32625999999999,124.632091,108.40417037322997,2,1,-2568.5467331281034
132,1,Pure_RSI,20210111,20210112,0,ETC,1,8.8918409999999994,7.245323,1808.3077688708115,2,1,-2977.4112909856303
121,1,Pure_RSI,20210104,20210112,0,ETH,1,977.05881899999997,1088.5266859999999,15.194953920600396,2,1,1693.7491026926127
122,1,Pure_RSI,20210104,20210112,0,LTC,1,160.27117000000001,139.07997900000001,92.632778137335862,2,1,-1962.9988943689077
133,1,Pure_RSI,20210111,20210112,0,XMR,1,185.140592,158.47025199999999,86.848513263174638,2,1,-2316.2793772233781
128,1,Pure_RSI,20210108,20210113,0,NEO,1,20.876338000000001,21.955766000000001,768.89867710245835,2,1,829.97076122735234
135,1,Pure_RSI,20210115,20210116,0,DOT,1,14.52252,13.19805,953.79787886455506,2,1,-1263.2766766197383
134,1,Pure_RSI,20210111,20210116,0,ZEC,1,96.550189000000003,103.134117,166.53706560702852,2,1,1096.4680492879506
136,1,Pure_RSI,20210117,20210120,0,DOT,1,18.150341999999998,16.452497000000001,750.02107642493161,2,1,-1273.4195345026874
138,1,Pure_RSI,20210119,20210122,0,NEO,1,27.107899,22.078164000000001,502.33145833105544,2,1,-2526.5941175687512
137,1,Pure_RSI,20210117,20210122,0,UNI,1,8.4302600000000005,7.5904590000000001,1614.7946853739559,2,1,-1356.1061915717346
140,1,Pure_RSI,20210129,20210131,0,DOGE,1,0.043734000000000002,0.028191000000000001,304901.87375360576,2,1,-4739.0898237522943
141,1,Pure_RSI,20210131,20210202,0,XRP,1,0.437832,0.37052000000000002,30680.091289300301,2,1,-2065.1383048653806
142,1,Pure_RSI,20210204,20210207,0,SUSHI,1,14.228204,13.824559000000001,931.93249498723571,2,1,-376.16989193912195
139,1,Pure_RSI,20210125,20210207,0,UNI,1,12.027858,19.282340000000001,1088.9326312263022,2,1,7899.6421724438496
145,1,Pure_RSI,20210208,20210210,0,DOGE,1,0.078352000000000005,0.070111000000000007,171996.01018122496,2,1,-1417.4191199034758
149,1,Pure_RSI,20210210,20210211,0,BSV,1,225.72089700000001,211.91953000000001,60.265764698437899,2,1,-831.74993613878542
143,1,Pure_RSI,20210205,20210214,0,AAVE,1,465.20695899999998,494.71378700000002,28.835970080374576,2,1,850.85800937476051
150,1,Pure_RSI,20210210,20210216,0,EOS,1,4.1557389999999996,4.6957800000000001,3273.3630447249789,2,1,1767.7502520363232
151,1,Pure_RSI,20210210,20210216,0,TRX,1,0.045989000000000002,0.050701999999999997,295793.39551028155,2,1,1394.0742730399543
154,1,Pure_RSI,20210211,20210216,0,XLM,1,0.41179100000000002,0.49344500000000002,34977.988265761131,2,1,2856.0926538524618
152,1,Pure_RSI,20210211,20210217,0,ETC,1,10.392331,14.359669,1385.9855662744039,2,1,5498.6732045319604
155,1,Pure_RSI,20210214,20210217,0,ZEC,1,176.229274,155.33728600000001,99.214703432342574,2,1,-2072.7923935320614
146,1,Pure_RSI,20210209,20210220,0,ATOM,1,14.225199999999999,22.873529999999999,957.19351996125886,2,1,8278.1254344865556
156,1,Pure_RSI,20210216,20210221,0,BCH,1,712.14099199999998,681.87000599999999,22.9423124061157,2,1,-694.48641765315551
148,1,Pure_RSI,20210210,20210221,0,BNB,1,107.708557,254.53927999999999,126.29676643168042,2,1,18544.245527725765
153,1,Pure_RSI,20210211,20210221,0,NEO,1,33.533597999999998,44.031269999999999,429.52804426014899,2,1,4509.0445234445269
158,1,Pure_RSI,20210218,20210221,0,XMR,1,271.04585900000001,255.951401,63.389875817597257,2,1,-956.835818153937
147,1,Pure_RSI,20210209,20210223,0,BTC,1,46184.991465999999,54204.929755999998,0.29482021816928961,2,1,2364.4399563620391
159,1,Pure_RSI,20210219,20210223,0,DASH,1,282.08410199999997,272.05794600000002,62.00313282525844,2,1,-621.65308219475992
144,1,Pure_RSI,20210206,20210224,0,ADA,1,0.53775799999999996,0.95495799999999997,25298.473852993706,2,1,10554.523291468973
157,1,Pure_RSI,20210217,20210224,0,DOT,1,30.164308999999999,34.330860999999999,548.46860735375265,2,1,2285.2229729069913
160,1,Pure_RSI,20210221,20210224,0,UNI,1,28.910551000000002,24.651879999999998,668.81774582520029,2,1,-2848.2747384311515
161,1,Pure_RSI,20210228,20210303,0,ADA,1,1.3236190000000001,1.225719,13686.291398406438,2,1,-1339.8879279039902
162,1,Pure_RSI,20210308,20210311,0,UNI,1,34.283231999999998,30.908435999999998,524.49683103614427,2,1,-1770.0698073934564
165,1,Pure_RSI,20210314,20210315,0,LTC,1,226.50551100000001,215.22728499999999,77.085390741396452,2,1,-869.38645807977809
164,1,Pure_RSI,20210314,20210316,0,BTC,1,61221.134296999997,55840.786513999999,0.28519997254232959,2,1,-1534.4750399797849
163,1,Pure_RSI,20210313,20210317,0,CHZ,1,0.733483,0.52383400000000002,24273.827152009781,2,1,-5088.9835885916982
166,1,Pure_RSI,20210317,20210323,0,FIL,1,63.392567999999997,76.728134999999995,269.03803355453698,2,1,3587.7747220147758
167,1,Pure_RSI,20210322,20210323,0,TRX,1,0.063323000000000004,0.059734000000000002,276816.3517719293,2,1,-993.49388650945548
172,1,Pure_RSI,20210403,20210404,0,BNB,1,338.90917100000001,323.35486300000002,53.716335899136809,2,1,-835.52043320663142
173,1,Pure_RSI,20210403,20210404,0,BSV,1,247.19843800000001,220.236153,73.645120964453653,2,1,-1985.6407403030735
170,1,Pure_RSI,20210402,20210404,0,EOS,1,5.6260630000000003,5.4536660000000001,3212.2543974082005,2,1,-553.78302134998012
174,1,Pure_RSI,20210403,20210404,0,ETC,1,15.287084,13.668491,1190.8719065541864,2,1,-1927.5369318452595
175,1,Pure_RSI,20210403,20210404,0,ETH,1,2142.8959369999998,2027.6713119999999,8.4954936702248265,2,1,-978.89007234152814
171,1,Pure_RSI,20210402,20210404,0,NEO,1,52.910305999999999,51.256711000000003,341.56569821852048,2,1,-564.8113307456515
168,1,Pure_RSI,20210327,20210406,0,FIL,1,124.539469,176.626375,139.02888196691282,2,1,7241.584306295681
176,1,Pure_RSI,20210405,20210407,0,DOT,1,44.665858999999998,43.420709000000002,407.0000083064333,2,1,-506.77606034275232
177,1,Pure_RSI,20210405,20210407,0,HOT,1,0.027716000000000001,0.022818000000000001,655902.90749076253,2,1,-3212.6124408897558
181,1,Pure_RSI,20210407,20210408,0,BNB,1,403.69929000000002,376.26901299999997,44.835839310076743,2,1,-1229.8594918028975
169,1,Pure_RSI,20210401,20210408,0,TRX,1,0.092563999999999994,0.110677,197091.0238180327,2,1,3569.9097144160296
179,1,Pure_RSI,20210406,20210408,0,XLM,1,0.53907400000000005,0.47369499999999998,33989.454209815558,2,1,-2222.1965267835349
180,1,Pure_RSI,20210406,20210408,0,XRP,1,0.91691800000000001,0.91905499999999996,19983.063958502415,2,1,42.703807679321471
178,1,Pure_RSI,20210406,20210410,0,NEO,1,59.189506000000002,60.842607999999998,309.56215513442731,2,1,511.73781777703334
183,1,Pure_RSI,20210409,20210412,0,QTUM,1,16.771861999999999,14.984019999999999,1030.609425392601,2,1,-1842.5668163127557
182,1,Pure_RSI,20210407,20210413,0,ETC,1,17.849841000000001,19.523561000000001,1014.0256429192883,2,1,1697.1949990668727
185,1,Pure_RSI,20210411,20210413,0,VET,1,0.14222000000000001,0.12887799999999999,121505.1080062352,2,1,-1621.1211510191933
189,1,Pure_RSI,20210415,20210417,0,ADA,1,1.4538040000000001,1.413843,12574.813177915263,2,1,-502.50210940267425
184,1,Pure_RSI,20210410,20210417,0,BNB,1,454.34317900000002,509.58130299999999,37.506560043577224,2,1,2071.7920145005628
188,1,Pure_RSI,20210414,20210417,0,XLM,1,0.65547100000000003,0.61146800000000001,27097.14331913782,2,1,-1192.3555974720221
186,1,Pure_RSI,20210411,20210417,0,XRP,1,1.3720680000000001,1.5530269999999999,12594.460668601536,2,1,2279.0810081294658
195,1,Pure_RSI,20210417,20210418,0,BSV,1,441.32680499999998,378.89972499999999,56.314185201761624,2,1,-3515.5301447251913
196,1,Pure_RSI,20210417,20210418,0,CHZ,1,0.77145600000000003,0.62621499999999997,32215.6538172906,2,1,-4679.0337760771072
191,1,Pure_RSI,20210415,20210418,0,ETH,1,2436.0346209999998,2346.4523479999998,7.5045377186804458,2,1,-672.27354665362873
198,1,Pure_RSI,20210417,20210418,0,QTUM,1,18.418267,17.465541999999999,1349.3647057712726,2,1,-1285.573489305938
190,1,Pure_RSI,20210415,20210419,0,BCH,1,816.70166700000004,971.87769900000001,22.384322741079849,2,1,3473.5103819681353
197,1,Pure_RSI,20210417,20210419,0,LTC,1,309.55662799999999,273.64513899999997,80.285664021613968,2,1,-2883.177740369887
194,1,Pure_RSI,20210416,20210420,0,ETC,1,28.634156000000001,33.425924000000002,690.66931152901134,2,1,3309.5271055667472
187,1,Pure_RSI,20210414,20210421,0,DOGE,1,0.094256000000000006,0.31695299999999998,188437.78251292845,2,1,41964.528852281619
192,1,Pure_RSI,20210415,20210422,0,NEO,1,69.100324000000001,97.035261000000006,264.56190997463227,2,1,7390.5202877410229
193,1,Pure_RSI,20210415,20210422,0,VET,1,0.16830200000000001,0.226101,108622.08231218834,2,1,6278.2477355621741
202,1,Pure_RSI,20210506,20210508,0,BCH,1,1454.490331,1342.436747,17.522773699175044,2,1,-1963.4895946135039
203,1,Pure_RSI,20210506,20210508,0,DASH,1,396.69224600000001,404.88690700000001,64.24805418997579,2,1,526.49102399648109
201,1,Pure_RSI,20210505,20210509,0,DOGE,1,0.53735500000000003,0.63582000000000005,43795.700831505805,2,1,4312.3436823742195
206,1,Pure_RSI,20210507,20210511,0,EOS,1,11.473614,9.2692440000000005,2381.6642601238823,2,1,-5250.069245089282
199,1,Pure_RSI,20210502,20210511,0,ETC,1,44.672249000000001,105.204953,494.1869122556717,2,1,29914.470080246549
204,1,Pure_RSI,20210506,20210511,0,LINK,1,49.546523000000001,46.315534,514.39946487771113,2,1,-1662.0190126257694
205,1,Pure_RSI,20210506,20210511,0,LTC,1,356.02212900000001,359.25808699999999,71.587417864554155,2,1,231.65387753814503
207,1,Pure_RSI,20210508,20210511,0,QTUM,1,26.715333000000001,23.543161000000001,987.63960271738142,2,1,-3132.9626938312031
200,1,Pure_RSI,20210502,20210513,0,ETH,1,2945.5601000000001,3828.918361,7.4948193373567618,2,1,6620.6105763566411
208,1,Pure_RSI,20210515,20210520,0,MATIC,1,1.471554,1.625707,17013.404649956268,2,1,2622.6673670047094
209,1,Pure_RSI,20210715,20210717,0,AXS,1,23.350406,21.015547999999999,1083.4248622042039,2,1,-2529.6432069163857
210,1,Pure_RSI,20210724,20210731,0,AXS,1,42.310053000000003,43.299585999999998,591.95024128829562,2,1,585.75429811272988
213,1,Pure_RSI,20210730,20210802,0,BCH,1,538.491805,526.87138300000004,46.878967541622828,2,1,-544.75338575795831
211,1,Pure_RSI,20210728,20210802,0,BTC,1,39503.185694,39907.262849999999,0.64097296889000621,2,1,259.0025343419511
216,1,Pure_RSI,20210731,20210802,0,LTC,1,145.654291,140.54243,175.10341348958681,2,1,-895.10431038429306
219,1,Pure_RSI,20210801,20210802,0,VET,1,0.089582999999999996,0.086024000000000003,285123.67600927723,2,1,-1014.7551629170157
212,1,Pure_RSI,20210729,20210802,0,XRP,1,0.73263599999999995,0.72414500000000004,34501.357018778523,2,1,-292.95102244644659
217,1,Pure_RSI,20210801,20210804,0,DOT,1,16.783761999999999,17.418771,1521.8420201584772,2,1,966.38337937881442
214,1,Pure_RSI,20210730,20210804,0,ETH,1,2382.5452540000001,2508.5448339999998,10.595366365295023,2,1,1335.0117119732968
218,1,Pure_RSI,20210801,20210804,0,UNI,1,21.746382000000001,21.329868999999999,1174.5509790060287,2,1,-489.21575191874217
226,1,Pure_RSI,20210808,20210809,0,DOGE,1,0.26195600000000002,0.240122,101003.97523186373,2,1,-2205.3207952125158
224,1,Pure_RSI,20210807,20210809,0,DOT,1,20.421258999999999,19.661149000000002,1245.6630102203585,2,1,-946.84091069859278
227,1,Pure_RSI,20210808,20210809,0,EOS,1,4.5925570000000002,4.2953700000000001,5761.1908433228145,2,1,-1712.1510231545799
215,1,Pure_RSI,20210731,20210809,0,LINK,1,22.264617000000001,23.042397999999999,1145.5199765397088,2,1,890.96367287302564
222,1,Pure_RSI,20210806,20210809,0,TRX,1,0.070153999999999994,0.071899000000000005,359793.58396132931,2,1,627.8398040125212
221,1,Pure_RSI,20210806,20210813,0,ETH,1,2827.5034860000001,3049.0011629999999,8.9269418107529415,2,1,1977.2968737959491
228,1,Pure_RSI,20210808,20210813,0,FIL,1,69.250769000000005,68.448418000000004,382.06936497467768,2,1,-306.55373705679813
223,1,Pure_RSI,20210806,20210813,0,UNI,1,25.438196999999999,28.112604999999999,992.24638795049418,2,1,2653.6716779059061
231,1,Pure_RSI,20210812,20210817,0,MATIC,1,1.372889,1.420477,19440.264171081817,2,1,925.12329137344204
236,1,Pure_RSI,20210815,20210817,0,XLM,1,0.39543899999999998,0.37203799999999998,73220.776838203266,2,1,-1713.4393987907933
220,1,Pure_RSI,20210806,20210818,0,ADA,1,1.386193,1.92448,18208.834620592585,2,1,9801.5789614149217
230,1,Pure_RSI,20210812,20210818,0,BNB,1,391.405283,401.88206300000002,68.188463459171928,2,1,714.39553019978121
234,1,Pure_RSI,20210814,20210818,0,DOGE,1,0.28680099999999997,0.299203,98327.437330567598,2,1,1219.4568777737004
237,1,Pure_RSI,20210817,20210818,0,DOT,1,24.432088,23.518677,1167.2384928471504,2,1,-1066.16847899001
235,1,Pure_RSI,20210815,20210818,0,EOS,1,5.4879420000000003,5.0607889999999998,5275.9943111866451,2,1,-2253.6567980063119
232,1,Pure_RSI,20210812,20210818,0,TRX,1,0.083507999999999999,0.085119,319602.01223322732,2,1,514.87884170773032
225,1,Pure_RSI,20210807,20210818,0,VET,1,0.096607999999999999,0.118169,263311.59902316151,2,1,5677.2613865383828
233,1,Pure_RSI,20210812,20210818,0,XRP,1,1.0125630000000001,1.0976619999999999,26358.186935106598,2,1,2243.0553499906309
239,1,Pure_RSI,20210819,20210822,0,LUNC,1,30.730162,27.56024,892.57111387077748,2,1,-2829.3808104234813
229,1,Pure_RSI,20210811,20210825,0,AXS,1,63.949959999999997,69.999225999999993,406.43991367603621,2,1,2458.663150843382
242,1,Pure_RSI,20210821,20210825,0,BNB,1,455.13338099999999,472.20201800000001,61.650525536461956,2,1,1052.2904412411008
240,1,Pure_RSI,20210820,20210825,0,DOT,1,26.551379000000001,25.100425000000001,1033.5333080000592,2,1,-1499.6092873759189
238,1,Pure_RSI,20210817,20210825,0,SOL,1,62.11533,70.679958999999997,459.11490085022405,2,1,3932.1487941539526
241,1,Pure_RSI,20210821,20210827,0,ADA,1,2.457214,2.5317720000000001,11419.116172965305,2,1,851.38646362394866
248,1,Pure_RSI,20210907,20210908,0,BCH,1,784.22678800000006,672.53970200000003,38.196294240609383,2,1,-4266.0327997322456
244,1,Pure_RSI,20210902,20210908,0,ETH,1,3825.027724,3428.378072,7.2803011740303942,2,1,-2887.728927134347
246,1,Pure_RSI,20210905,20210908,0,FIL,1,95.010479000000004,84.227369999999993,302.60588960855472,2,1,-3263.0322916910154
245,1,Pure_RSI,20210904,20210908,0,LTC,1,212.96483699999999,178.07594900000001,136.3031681280797,2,1,-4755.4659668657368
247,1,Pure_RSI,20210906,20210908,0,TRX,1,0.105214,0.085329000000000002,282377.57468193962,2,1,-5615.0780725503682
243,1,Pure_RSI,20210828,20210913,0,SOL,1,88.000016000000002,174.41845900000001,308.37576551216489,2,1,26649.353514494393
249,1,Pure_RSI,20211003,20211007,0,OMG,1,15.503793,14.409744,1788.1607323275553,2,1,-1956.3354610422284
250,1,Pure_RSI,20211006,20211015,0,SHIB,1,1.732e-05,2.7419999999999998e-05,1601040376.6434979,2,1,16170.507804099325
252,1,Pure_RSI,20211014,20211019,0,DOT,1,41.674599000000001,41.182977999999999,708.29114162175335,2,1,-348.21079933522924
253,1,Pure_RSI,20211021,20211022,0,BNB,1,501.34783199999998,470.95936999999998,59.185157083130271,2,1,-1798.545896984735
251,1,Pure_RSI,20211007,20211022,0,BTC,1,55338.623744999997,62237.891066999997,0.52794155301446888,2,1,3642.4099046386546
254,1,Pure_RSI,20211021,20211022,0,LTC,1,207.32844900000001,196.94500600000001,143.11760076016776,2,1,-1486.0534497899607
256,1,Pure_RSI,20211024,20211025,0,LINK,1,31.439423999999999,29.720873000000001,927.70426425490041,2,1,-1594.3070910395218
255,1,Pure_RSI,20211023,20211027,0,SOL,1,196.30046999999999,199.87448699999999,148.47468808858892,2,1,530.65105929831407
258,1,Pure_RSI,20211029,20211031,0,MATIC,1,2.1352609999999999,1.8682669999999999,14459.122963095057,2,1,-3860.4990764086033
257,1,Pure_RSI,20211026,20211031,0,SHIB,1,4.2290000000000003e-05,6.5309999999999996e-05,690261815.49361467,2,1,15889.826992663009
259,1,Pure_RSI,20211031,20211105,0,MANA,1,3.5810949999999999,2.505528,8445.0929257719781,2,1,-9083.2632628937863
262,1,Pure_RSI,20211105,20211106,0,DOT,1,53.877751000000004,51.865991000000001,539.17585618299893,2,1,-1084.6924204347088
263,1,Pure_RSI,20211105,20211106,0,OMG,1,19.166644999999999,17.218503999999999,1515.6321059131333,2,1,-2952.6650464457161
260,1,Pure_RSI,20211103,20211106,0,SAND,1,3.0397660000000002,2.5587230000000001,9810.366223372328,2,1,-4719.2079991896971
261,1,Pure_RSI,20211104,20211108,0,SOL,1,243.09780499999999,249.97926799999999,122.59396617646546,2,1,843.62584226659965
265,1,Pure_RSI,20211110,20211111,0,BCH,1,717.28326900000002,665.57349799999997,39.967849504132758,2,1,-2066.7283452211705
264,1,Pure_RSI,20211106,20211111,0,BNB,1,608.26346999999998,615.45517600000005,46.671077045684214,2,1,335.6446648159108
266,1,Pure_RSI,20211110,20211114,0,LRC,1,2.9270420000000001,2.6771530000000001,9794.2802826964471,2,1,-2447.4829055627306
267,1,Pure_RSI,20211110,20211116,0,LTC,1,262.15841799999998,263.30506200000002,109.35475567000246,2,1,125.3909744604789
269,1,Pure_RSI,20211119,20211122,0,MANA,1,3.7489530000000002,3.6551179999999999,7615.310446979237,2,1,-714.58265579229919
270,1,Pure_RSI,20211122,20211124,0,AVAX,1,128.78258099999999,123.87862699999999,219.51790526168259,2,1,-1076.5057095796474
271,1,Pure_RSI,20211126,20211127,0,MANA,1,5.1991319999999996,4.659389,6045.4940291482408,2,1,-3263.0130837745564
268,1,Pure_RSI,20211118,20211127,0,SAND,1,3.7604479999999998,6.9889190000000001,7482.4277302928404,2,1,24156.800936846259
272,1,Pure_RSI,20211127,20211201,0,GALA,1,0.71113000000000004,0.62027600000000005,42163.630396187298,2,1,-3830.7344760151973
274,1,Pure_RSI,20211204,20211205,0,MATIC,1,2.2792500000000002,1.9773449999999999,12956.405189010624,2,1,-3911.603508588254
273,1,Pure_RSI,20211203,20211206,0,LUNC,1,66.321917999999997,68.151196999999996,447.2801419086328,2,1,818.20017071048278
275,1,Pure_RSI,20211222,20211228,0,LUNC,1,87.300192999999993,90.849928000000006,336.25511642230771,2,1,1193.6165556933447
276,1,Pure_RSI,20220105,20220106,0,ATOM,1,42.019151000000001,38.786867999999998,701.45392077232282,2,1,-2267.297583395728
277,1,Pure_RSI,20220110,20220112,0,LINK,1,27.56212,26.688264,1061.158156852038,2,1,-927.29942231409586
280,1,Pure_RSI,20220210,20220211,0,BTC,1,44347.798835000001,43571.130463000001,0.67111426479349556,2,1,-521.23322346313944
278,1,Pure_RSI,20220207,20220211,0,SHIB,1,2.8479999999999998e-05,3.0830000000000001e-05,1023702195.080874,2,1,2405.7001584400568
279,1,Pure_RSI,20220208,20220212,0,XRP,1,0.82837700000000003,0.76024999999999998,35699.577621658114,2,1,-2432.1051246307034
281,1,Pure_RSI,20220226,20220305,0,LUNC,1,73.162126000000001,83.337424999999996,397.75053416214166,2,1,4047.2306125095092
282,1,Pure_RSI,20220311,20220325,0,WAVES,1,27.389011,31.265097000000001,1077.2567785740371,2,1,4175.5399178359221
287,1,Pure_RSI,20220325,20220326,0,TRX,1,0.065574999999999994,0.064467999999999998,458467.62723735371,2,1,-507.52366335174884
283,1,Pure_RSI,20220323,20220329,0,BCH,1,376.73785400000003,368.00215700000001,79.800954302711347,2,1,-697.11695709933338
285,1,Pure_RSI,20220324,20220401,0,ADA,1,1.1072040000000001,1.1419520000000001,26967.312344990787,2,1,937.06016936373999
292,1,Pure_RSI,20220330,20220401,0,BNB,1,434.42971199999999,429.124032,71.355474796738648,2,1,-378.58931551955902
288,1,Pure_RSI,20220328,20220401,0,BTC,1,46821.850247000002,45554.163811999999,0.64664974679886988,2,1,-819.74911221311413
284,1,Pure_RSI,20220323,20220401,0,ETC,1,45.970792000000003,47.319701999999999,653.98134256976778,2,1,882.16197280578126
289,1,Pure_RSI,20220328,20220401,0,ETH,1,3292.3223939999998,3282.5761680000001,9.1963465248893108,2,1,-89.629671605882322
286,1,Pure_RSI,20220325,20220401,0,LTC,1,126.58252,123.7317,237.5052626230657,2,1,-677.08475279108825
295,1,Pure_RSI,20220402,20220403,0,FTM,1,1.585998,1.535698,19785.287249828467,2,1,-995.19994866636989
291,1,Pure_RSI,20220329,20220403,0,WAVES,1,43.135984999999998,48.765320000000003,698.97526165045804,2,1,3934.7659045430883
294,1,Pure_RSI,20220401,20220404,0,ZIL,1,0.17760400000000001,0.153416,175076.01166277457,2,1,-4234.7385700991945
290,1,Pure_RSI,20220328,20220405,0,TRX,1,0.069151000000000004,0.070809999999999998,437843.81436099479,2,1,726.38288802488751
293,1,Pure_RSI,20220330,20220406,0,SOL,1,111.690258,126.857957,277.54379764769124,2,1,4209.7007820370891
296,1,Pure_RSI,20220406,20220407,0,DOGE,1,0.172485,0.143432,174807.74840424565,2,1,-5078.6895143885486
298,1,Pure_RSI,20220421,20220422,0,APE,1,16.790711999999999,14.316140000000001,1774.6109002769979,2,1,-4391.4024447202501
297,1,Pure_RSI,20220419,20220422,0,GMT,1,3.195138,3.1272340000000001,9277.7610141021905,2,1,-629.99708390159503
299,1,Pure_RSI,20220429,20220430,0,APE,1,23.654793999999999,19.166965999999999,1231.9526781004417,2,1,-5528.7917234541492
300,1,Pure_RSI,20220505,20220506,0,TRX,1,0.086253999999999997,0.074579999999999994,331447.9055564825,2,1,-3869.3228494663781
305,1,Pure_RSI,20220720,20220721,0,BCH,1,128.451063,121.81650500000001,231.48837372582543,2,1,-1535.8230418096646
302,1,Pure_RSI,20220718,20220721,0,MATIC,1,0.75315799999999999,0.83280500000000002,37444.699997772324,2,1,2982.3580207225714
304,1,Pure_RSI,20220719,20220723,0,ETH,1,1578.383896,1536.457394,18.94181879183126,2,1,-794.16420345934966
303,1,Pure_RSI,20220719,20220725,0,APE,1,5.9889299999999999,6.4545170000000001,4992.1207531189448,2,1,2324.266525082392
301,1,Pure_RSI,20220718,20220726,0,ETC,1,19.195308000000001,23.393260999999999,1469.2015028319529,2,1,6167.6388564179033
306,1,Pure_RSI,20220728,20220801,0,ETC,1,32.759160999999999,36.458444,888.79574713826128,2,1,3287.9069978608677
307,1,Pure_RSI,20220806,20220814,0,BNB,1,315.196979,323.97408999999999,93.417753462680494,2,1,819.93799151258281
308,1,Pure_RSI,20220811,20220815,0,LINK,1,9.0563520000000004,8.7751110000000008,3265.0009638688293,2,1,-918.25213607943078
309,1,Pure_RSI,20220815,20220816,0,DOGE,1,0.081698000000000007,0.076694999999999999,360291.27264341403,2,1,-1802.5372370350015
310,1,Pure_RSI,20220815,20220816,0,SHIB,1,1.6900000000000001e-05,1.5270000000000001e-05,1741720496.5929966,2,1,-2839.0044094465848
311,1,Pure_RSI,20220906,20220910,0,LUNC,1,0.00040299999999999998,0.00043100000000000001,71888357.561535582,2,1,2012.8740117229972
313,1,Pure_RSI,20220910,20220913,0,LUNA,1,5.1289949999999997,3.9883700000000002,5689.123177976835,2,1,-6489.1561248798243
312,1,Pure_RSI,20220910,20220914,0,ATOM,1,16.094588999999999,13.909001,1812.9996568553131,2,1,-3962.4702940270872
314,1,Pure_RSI,20220924,20220927,0,XRP,1,0.50719999999999998,0.46776400000000001,55455.703581586058,2,1,-2186.9511264434259
318,1,Pure_RSI,20221030,20221031,0,SHIB,1,1.291e-05,1.1909999999999999e-05,2313985338.8338656,2,1,-2313.985338833867
316,1,Pure_RSI,20221027,20221101,0,ETH,1,1566.8413820000001,1572.6453610000001,17.811910040512384,2,1,103.37995182502345
319,1,Pure_RSI,20221101,20221102,0,AVAX,1,19.310987000000001,18.661339000000002,1552.6743281309448,2,1,-1008.6917719216108
315,1,Pure_RSI,20221027,20221104,0,DOGE,1,0.072799000000000003,0.122555,383362.92729207955,2,1,19074.605810344703
317,1,Pure_RSI,20221030,20221107,0,BNB,1,304.22991200000001,338.89715799999999,98.193995876201697,2,1,3404.1154107632719
321,1,Pure_RSI,20221105,20221109,0,CHZ,1,0.25594299999999998,0.212094,118227.19159152672,2,1,-5184.1441240968525
320,1,Pure_RSI,20221104,20221109,0,LTC,1,61.918981000000002,57.444445000000002,480.39638775732357,2,1,-2149.5509312901013
322,1,Pure_RSI,20221105,20221109,0,MATIC,1,1.1692769999999999,1.0446029999999999,25878.745667202998,2,1,-3226.4067373128637
323,1,Pure_RSI,20221124,20221126,0,LTC,1,78.999110000000002,74.021462999999997,364.28726818420955,2,1,-1813.2934276153283
324,1,Pure_RSI,20221210,20221212,0,EOS,1,1.031658,1.003603,27719.496798476182,2,1,-777.67048268124927
327,1,Pure_RSI,20230105,20230106,0,ETC,1,19.185894999999999,18.215510999999999,1487.0178915904935,2,1,-1442.9783697131461
326,1,Pure_RSI,20230105,20230117,0,APE,1,4.0506950000000002,4.9686820000000003,7043.1787955342443,2,1,6465.5465729760908
325,1,Pure_RSI,20230104,20230118,0,ATOM,1,10.160969,12.176448000000001,2806.7474253542373,2,1,5656.9404941055327
328,1,Pure_RSI,20230109,20230119,0,ADA,1,0.29541400000000001,0.32684099999999999,97339.83461894693,2,1,3059.0989825696452
329,1,Pure_RSI,20230109,20230119,0,BNB,1,274.44243,286.88548700000001,104.77807642251815,2,1,1303.7595772757522
330,1,Pure_RSI,20230110,20230119,0,ETH,1,1321.39545,1515.249609,22.125960261433438,2,1,4289.2094185476017
331,1,Pure_RSI,20230110,20230119,0,FIL,1,3.7888000000000002,4.2616269999999998,7716.7291005962188,2,1,3648.6778704476092
332,1,Pure_RSI,20230110,20230119,0,GALA,1,0.040766999999999998,0.044637000000000003,717176.71686263289,2,1,2775.4738942583936
333,1,Pure_RSI,20230110,20230119,0,LTC,1,81.731114000000005,82.767292999999995,357.72353740754045,2,1,370.66561726740474
335,1,Pure_RSI,20230110,20230119,0,SOL,1,16.296196999999999,20.850828,1794.1083564673988,2,1,8171.5015377254676
341,1,Pure_RSI,20230124,20230125,0,DOT,1,6.5749019999999998,6.1878399999999996,5275.1131922280565,2,1,-2041.7958624101775
340,1,Pure_RSI,20230121,20230125,0,ETH,1,1659.706068,1556.807448,20.554372620125008,2,1,-2115.0165775766473
336,1,Pure_RSI,20230117,20230125,0,MANA,1,0.69860599999999995,0.66175200000000001,49376.269027636219,2,1,-1819.7130187445036
334,1,Pure_RSI,20230110,20230125,0,SAND,1,0.51689700000000005,0.72834600000000005,56562.803065869899,2,1,11960.148145475127
338,1,Pure_RSI,20230119,20230125,0,SHIB,1,1.116e-05,1.119e-05,2917038315.7031407,2,1,87.511149471094541
342,1,Pure_RSI,20230128,20230131,0,AVAX,1,21.251615000000001,19.737555,1646.0258140806532,2,1,-2492.1818440669558
337,1,Pure_RSI,20230118,20230131,0,BTC,1,21161.050899999998,22840.796091,1.6323912786944417,2,1,2742.0014002173339
339,1,Pure_RSI,20230121,20230201,0,APT,1,10.961202,16.742459,3112.2697092485419,2,1,17992.831042481099
343,1,Pure_RSI,20230202,20230206,0,FTM,1,0.57624799999999998,0.56867500000000004,59662.578582285554,2,1,-451.82470760364959
344,1,Pure_RSI,20230204,20230206,0,OP,1,3.0967760000000002,2.9373520000000002,11213.222348498331,2,1,-1787.6567596869936
345,1,Pure_RSI,20230205,20230209,0,SHIB,1,1.469e-05,1.375e-05,2348202715.3581243,2,1,-2207.3105524366329
347,1,Pure_RSI,20230218,20230222,0,MATIC,1,1.525579,1.385113,22244.513316525834,2,1,-3124.597807519116
346,1,Pure_RSI,20230218,20230224,0,FIL,1,7.6686699999999997,7.8609689999999999,4425.2474524151085,2,1,850.97065985197696
348,1,Pure_RSI,20230317,20230321,0,BNB,1,329.886325,333.01579600000002,102.18186421078673,2,1,319.77518077359855
350,1,Pure_RSI,20230320,20230321,0,CFX,1,0.45698899999999998,0.399478,74079.667642555069,2,1,-4260.395765790985
349,1,Pure_RSI,20230318,20230323,0,BTC,1,27448.117269999999,27301.957493999998,1.2314999167430769,2,1,-179.99575197518425
351,1,Pure_RSI,20230322,20230323,0,XRP,1,0.46965099999999999,0.42245100000000002,71125.056271603535,2,1,-3357.1026560196842
352,1,Pure_RSI,20230330,20230402,0,XRP,1,0.54366899999999996,0.509961,60626.277692574411,2,1,-2043.5905684612953
353,1,Pure_RSI,20230404,20230406,0,SXP,1,0.90563800000000005,0.732603,36169.273716427655,2,1,-6258.550277522063
356,1,Pure_RSI,20230414,20230418,0,ADA,1,0.42574400000000001,0.434195,75707.570374658011,2,1,639.80467723623224
359,1,Pure_RSI,20230417,20230418,0,BNB,1,348.17575299999999,340.04476499999998,94.016536476506516,2,1,-764.44732989203476
354,1,Pure_RSI,20230412,20230418,0,BTC,1,30231.581622999998,29449.091704999999,1.0628095507183548,2,1,-831.63775819122384
355,1,Pure_RSI,20230413,20230418,0,SOL,1,23.810881999999999,24.564685999999998,1348.9873931638374,2,1,1016.8720929164701
357,1,Pure_RSI,20230415,20230420,0,AVAX,1,19.248149000000002,18.990334000000001,1682.3673892297136,2,1,-433.7395484542576
358,1,Pure_RSI,20230415,20230420,0,ETH,1,2101.6163980000001,1936.4179079999999,15.408358162532059,2,1,-2545.4375018294741
360,1,Pure_RSI,20230417,20230420,0,LINK,1,8.1366019999999999,7.7689719999999998,4023.0895381339315,2,1,-1479.0084069041804
361,1,Pure_RSI,20230506,20230508,0,TRX,1,0.071002999999999997,0.069336999999999996,446328.38478281273,2,1,-743.58308904816295
362,1,Pure_RSI,20230522,20230527,0,TRX,1,0.075120999999999993,0.075483999999999996,420871.60708495945,2,1,152.77639337184155
363,1,Pure_RSI,20230524,20230528,0,RENDER,1,2.7197100000000001,2.6422029999999999,11676.873216559774,2,1,-905.03941239589767
364,1,Pure_RSI,20230531,20230602,0,XRP,1,0.521895,0.50730399999999998,60435.661759409144,2,1,-881.81674073154136
368,1,Pure_RSI,20230625,20230626,0,ETC,1,19.330456999999999,18.363005999999999,1660.0445556367629,2,1,-1606.0117653953421
366,1,Pure_RSI,20230623,20230627,0,PEPE,1,1.5400000000000001e-06,1.5e-06,20418257333.166073,2,1,-816.73029332664373
365,1,Pure_RSI,20230622,20230629,0,BTC,1,29995.935766999999,30086.186717,1.0485716553126021,2,1,94.634588035038178
369,1,Pure_RSI,20230701,20230704,0,LTC,1,108.201746,106.95414700000001,308.43011566724772,2,1,-384.79710387634259
367,1,Pure_RSI,20230624,20230705,0,BCH,1,181.771806,272.49115,174.67417342600794,2,1,15846.326426949672
370,1,Pure_RSI,20230704,20230705,0,FIL,1,4.7347349999999997,4.5472089999999996,6980.2174952871474,2,1,-1308.972266021221
371,1,Pure_RSI,20230709,20230710,0,TRX,1,0.080046999999999993,0.077535000000000007,407702.13722550747,2,1,-1024.1477687104707
372,1,Pure_RSI,20230714,20230715,0,ADA,1,0.357485,0.32878000000000002,91004.988185851558,2,1,-2612.2981858748681
374,1,Pure_RSI,20230714,20230715,0,MATIC,1,0.84981300000000004,0.809504,38282.443551250857,2,1,-1543.1270171073702
373,1,Pure_RSI,20230714,20230717,0,LINK,1,7.09152,6.6160439999999996,4587.5804061215567,2,1,-2181.2843811810526
376,1,Pure_RSI,20230718,20230719,0,ARB,1,1.30217,1.2438340000000001,24261.32047257766,2,1,-1415.3083910882888
375,1,Pure_RSI,20230714,20230722,0,XRP,1,0.81619699999999995,0.77244699999999999,39859.149447522039,2,1,-1743.8377883290887
377,1,Pure_RSI,20230721,20230723,0,LINK,1,8.3420310000000004,7.8706459999999998,3796.3743161745761,2,1,-1789.5539070299565
378,1,Pure_RSI,20230726,20230727,0,DOGE,1,0.081850999999999993,0.077964000000000006,383677.38005104498,2,1,-1491.3539762584078
379,1,Pure_RSI,20230806,20230807,0,SHIB,1,9.9699999999999994e-06,9.38e-06,3134928970.6050396,2,1,-1849.6080926569739
380,1,Pure_RSI,20230808,20230809,0,OP,1,1.7966530000000001,1.6814800000000001,17293.423397654718,2,1,-1991.735452978086
381,1,Pure_RSI,20230915,20230922,0,TRX,1,0.083697999999999995,0.083071000000000006,368839.24923377787,2,1,-231.26220926957467
385,1,Pure_RSI,20231002,20231003,0,ADA,1,0.26588800000000001,0.25948599999999999,116427.77939319277,2,1,-745.3706436752218
386,1,Pure_RSI,20231002,20231003,0,ARB,1,0.96977100000000005,0.93132700000000002,31921.710803166148,2,1,-1227.1982501169223
387,1,Pure_RSI,20231002,20231003,0,BTC,1,27976.799152,27508.251819000001,1.1065150533878787,2,1,-518.45467718924192
388,1,Pure_RSI,20231002,20231003,0,ETH,1,1732.984005,1662.8872060000001,17.863263202649836,2,1,-1252.157570200241
384,1,Pure_RSI,20231001,20231003,0,LINK,1,8.1809460000000005,7.4709729999999999,3771.5807580581941,2,1,-2677.7205055408522
383,1,Pure_RSI,20230929,20231003,0,TRX,1,0.086746000000000004,0.087557999999999997,355612.72290874249,2,1,288.75753100189468
382,1,Pure_RSI,20230929,20231004,0,BCH,1,239.14198400000001,230.091802,128.99441890321432,2,1,-1167.4229680583303
389,1,Pure_RSI,20231007,20231008,0,AVAX,1,10.655688,10.36265,2826.4739501629447,2,1,-828.26427340784721
390,1,Pure_RSI,20231014,20231015,0,HOT,1,0.0011919999999999999,0.0011150000000000001,25197313.863861661,2,1,-1940.1931675173437
398,1,Pure_RSI,20231024,20231025,0,BCH,1,260.604918,251.67648700000001,119.11530759439216,2,1,-1063.5128049003033
391,1,Pure_RSI,20231021,20231025,0,BSV,1,54.87133,51.422193999999998,543.83917446454029,2,1,-1875.7752748559287
394,1,Pure_RSI,20231023,20231027,0,AAVE,1,79.198341999999997,80.80462,379.57212188258853,2,1,609.6983487933212
399,1,Pure_RSI,20231024,20231028,0,DOGE,1,0.067111000000000004,0.067881999999999998,462547.64447231218,2,1,356.62423388814932
396,1,Pure_RSI,20231023,20231028,0,MATIC,1,0.61835899999999999,0.60972800000000005,48614.93521162129,2,1,-419.59550581149961
402,1,Pure_RSI,20231025,20231028,0,XRP,1,0.55862000000000001,0.54571499999999995,55006.332092312616,2,1,-709.85671565129815
403,1,Pure_RSI,20231027,20231029,0,PEPE,1,1.2899999999999999e-06,1.1400000000000001e-06,24483865438.188194,2,1,-3672.5798157282225
397,1,Pure_RSI,20231024,20231101,0,ADA,1,0.27998800000000001,0.293126,110869.16213616778,2,1,1456.5990521449712
395,1,Pure_RSI,20231023,20231103,0,APT,1,6.1309750000000003,6.6779659999999996,4903.2140438548404,2,1,2682.0139530622
406,1,Pure_RSI,20231102,20231103,0,ARB,1,1.037029,0.99090999999999996,31622.092657739417,2,1,-1458.3792912822864
408,1,Pure_RSI,20231102,20231103,0,ETC,1,17.780106,17.299396999999999,1844.366233067612,2,1,-886.60344753170284
400,1,Pure_RSI,20231024,20231103,0,ETH,1,1766.014606,1800.9165399999999,17.577450867459781,2,1,613.48703006432333
393,1,Pure_RSI,20231022,20231103,0,LINK,1,8.9046450000000004,11.004994,3356.0519404821521,2,1,7048.880337139748
404,1,Pure_RSI,20231031,20231104,0,TRX,1,0.095613000000000004,0.097320000000000004,333521.03704370972,2,1,569.32041023361307
410,1,Pure_RSI,20231105,20231108,0,BNB,1,237.44223600000001,246.39012500000001,137.52094744404275,2,1,1230.5221729041295
411,1,Pure_RSI,20231107,20231108,0,DOGE,1,0.076388999999999999,0.073516999999999999,447750.68000053772,2,1,-1285.9399529615475
401,1,Pure_RSI,20231025,20231109,0,RUNE,1,2.2035290000000001,3.3397890000000001,13944.739203980374,2,1,15844.849367914736
405,1,Pure_RSI,20231031,20231110,0,XRP,1,0.578928,0.66760299999999995,55082.751075885462,2,1,4884.4629516541427
413,1,Pure_RSI,20231107,20231111,0,LTC,1,74.485071000000005,73.300338999999994,459.19573191466884,2,1,-544.02387786273175
414,1,Pure_RSI,20231107,20231112,0,MATIC,1,0.73544799999999999,0.80294100000000002,46506.655391762673,2,1,3138.8736923562392
409,1,Pure_RSI,20231103,20231114,0,ADA,1,0.32314799999999999,0.35831499999999999,98002.59836108482,2,1,3446.4573765642672
407,1,Pure_RSI,20231102,20231114,0,AVAX,1,12.211411,16.218247000000002,2685.4412751125033,2,1,10760.122777006683
392,1,Pure_RSI,20231021,20231114,0,BTC,1,29683.381817000001,36491.787578000003,1.0053160045221325,2,1,6844.5992768139913
415,1,Pure_RSI,20231109,20231114,0,DOT,1,5.0524259999999996,5.3677830000000002,6770.7483237149254,2,1,2135.2028791217745
412,1,Pure_RSI,20231107,20231114,0,LINK,1,13.005667000000001,14.405027,2629.871016577702,2,1,3680.1363057581693
420,1,Pure_RSI,20231112,20231114,0,SHIB,1,9.0899999999999994e-06,8.5299999999999996e-06,4057265345.413516,2,1,-2272.0685934315698
416,1,Pure_RSI,20231110,20231115,0,ETC,1,20.622848999999999,19.080302,1676.1279080576999,2,1,-2585.5060761906789
417,1,Pure_RSI,20231110,20231115,0,ETH,1,2121.0673790000001,1979.4726459999999,16.296763174424278,2,1,-2307.5358304468427
419,1,Pure_RSI,20231111,20231115,0,TRX,1,0.106235,0.10227799999999999,335233.34503045114,2,1,-1326.5183462854911
418,1,Pure_RSI,20231110,20231119,0,RUNE,1,3.9356439999999999,5.7745620000000004,8782.9419410291757,2,1,16151.110028313495
421,1,Pure_RSI,20231116,20231120,0,ORDI,1,24.737563000000002,23.277833000000001,1464.3484460271738,2,1,-2137.55335711925
422,1,Pure_RSI,20231117,20231121,0,AVAX,1,21.766766000000001,20.861115000000002,1653.2370906619005,2,1,-1497.2558243950407
424,1,Pure_RSI,20231203,20231205,0,RUNE,1,7.092117,6.6978039999999996,5017.1485265823057,2,1,-1978.3268869622552
429,1,Pure_RSI,20231205,20231207,0,ETH,1,2243.092537,2233.2176549999999,16.783703889437753,2,1,-165.73709543114092
430,1,Pure_RSI,20231205,20231207,0,LUNA,1,1.2417180000000001,1.0363230000000001,30318.800997984803,2,1,-6227.3301309810886
423,1,Pure_RSI,20231203,20231208,0,ORDI,1,32.028706999999997,50.654124000000003,1110.9472623075083,2,1,20691.856025485729
425,1,Pure_RSI,20231203,20231209,0,TIA,1,8.8860050000000008,9.2884989999999998,4004.2971343026838,2,1,1611.7055707740219
436,1,Pure_RSI,20231209,20231210,0,XRP,1,0.67313100000000003,0.65885800000000005,60080.661672308983,2,1,-857.53128404886229
426,1,Pure_RSI,20231205,20231212,0,BTC,1,41986.264346999997,41238.733390000001,0.89665993207861272,2,1,-670.28105713027617
427,1,Pure_RSI,20231205,20231212,0,BTCB,1,42005.974366000002,41297.544049999997,0.89623920182382033,2,1,-634.9230209596426
428,1,Pure_RSI,20231205,20231212,0,DOGE,1,0.091921000000000003,0.094381999999999994,409562.56935429008,2,1,1007.9334831809101
434,1,Pure_RSI,20231207,20231212,0,DOT,1,6.0444440000000004,6.7063940000000004,6329.2473105035233,2,1,4189.6452571878035
435,1,Pure_RSI,20231209,20231212,0,MATIC,1,0.90642500000000004,0.84182699999999999,44617.211431881311,2,1,-2882.1826240766677
432,1,Pure_RSI,20231206,20231212,0,SHIB,1,9.4900000000000006e-06,9.5200000000000003e-06,4155453825.4504371,2,1,124.66361476351449
433,1,Pure_RSI,20231207,20231216,0,ADA,1,0.44245800000000002,0.60126999999999997,86464.208875168173,2,1,13731.553939883204
437,1,Pure_RSI,20231213,20231216,0,BNB,1,254.403954,244.89641599999999,158.20088228631531,2,1,-1504.1008999706755
438,1,Pure_RSI,20231213,20231220,0,TIA,1,12.091400999999999,11.733995999999999,3328.5580372305226,2,1,-1189.6432852963771
439,1,Pure_RSI,20231221,20231223,0,SEI,1,0.384799,0.35551899999999997,106960.34876441199,2,1,-3131.7990118219896
442,1,Pure_RSI,20231223,20231225,0,ARB,1,1.425802,1.3572310000000001,29000.494661734967,2,1,-1988.592919449824
440,1,Pure_RSI,20231222,20231225,0,BNB,1,271.27652699999999,264.73528399999998,152.90685965057168,2,1,-1000.2009253412834
431,1,Pure_RSI,20231206,20231227,0,AVAX,1,24.482793000000001,44.426543000000002,1610.7335794377973,2,1,32124.067824912563
445,1,Pure_RSI,20231226,20231227,0,ORDI,1,75.155799999999999,68.195271000000005,570.85099370109424,2,1,-3973.4248963352802
447,1,Pure_RSI,20231227,20231228,0,SEI,1,0.50177499999999997,0.43914300000000001,83053.748134378664,2,1,-5201.8223531524054
441,1,Pure_RSI,20231222,20231228,0,SOL,1,93.854239000000007,106.91963699999999,441.96236933404265,2,1,5774.4142563722562
448,1,Pure_RSI,20231228,20231229,0,MATIC,1,1.0394319999999999,1.0034369999999999,40004.420894346447,2,1,-1439.9591300920001
444,1,Pure_RSI,20231225,20231229,0,NEAR,1,3.8111510000000002,3.7715930000000002,11063.930508027353,2,1,-437.66696303654317
443,1,Pure_RSI,20231223,20231229,0,OP,1,3.4911919999999999,3.5903299999999998,11843.795268117892,2,1,1174.1701752906665
446,1,Pure_RSI,20231227,20240103,0,BNB,1,297.748332,312.15160700000001,139.96482932481334,2,1,2015.9519270933451
451,1,Pure_RSI,20240102,20240104,0,FIL,1,7.6050599999999999,6.2908809999999997,5433.9586333460938,2,1,-7141.1943228121381
449,1,Pure_RSI,20231231,20240106,0,SEI,1,0.59371499999999999,0.71817299999999995,68330.149626289029,2,1,8504.2337621886763
450,1,Pure_RSI,20240102,20240107,0,ARB,1,1.735242,1.748726,23815.457120168277,2,1,321.12762380834465
454,1,Pure_RSI,20240112,20240113,0,ETH,1,2619.1769669999999,2522.933806,15.526581645563015,2,1,-1494.327297093565
452,1,Pure_RSI,20240112,20240115,0,ARB,1,2.263995,2.0293890000000001,17962.435880955392,2,1,-4214.0952322874145
453,1,Pure_RSI,20240112,20240115,0,ETC,1,29.542147,26.452538000000001,1376.5710739406857,2,1,-4253.0663791868064
455,1,Pure_RSI,20240116,20240117,0,SUI,1,1.3718459999999999,1.270861,28917.762002037274,2,1,-2920.2601957757288
456,1,Pure_RSI,20240203,20240207,0,LINK,1,17.790956999999999,18.297543000000001,2213.4104484581267,2,1,1121.2827454426078
460,1,Pure_RSI,20240212,20240214,0,BCH,1,276.68497100000002,270.773911,143.76093009267208,2,1,-849.77948343359458
462,1,Pure_RSI,20240213,20240214,0,ORDI,1,70.993944999999997,68.439841999999999,568.93673695858092,2,1,-1453.1230266761195
464,1,Pure_RSI,20240215,20240216,0,SOL,1,116.96840400000001,113.664843,348.3974145550859,2,1,-1150.952111225015
465,1,Pure_RSI,20240216,20240219,0,BNB,1,354.68757199999999,349.67827199999999,115.63625711119906,2,1,-579.25670274713048
467,1,Pure_RSI,20240220,20240221,0,DOT,1,8.0289900000000003,7.7329509999999999,5141.5937317108119,2,1,-1522.1122667419404
466,1,Pure_RSI,20240220,20240222,0,ADA,1,0.63105999999999995,0.59848000000000001,65416.608018205552,2,1,-2131.273089233131
468,1,Pure_RSI,20240221,20240222,0,MATIC,1,1.0259769999999999,0.95086099999999996,40346.085643297578,2,1,-3030.6365691819374
463,1,Pure_RSI,20240215,20240222,0,SEI,1,0.87928600000000001,0.876552,46346.114390806593,2,1,-126.71027674446668
458,1,Pure_RSI,20240210,20240223,0,BTC,1,47153.528424999997,51283.904574,0.83947749050314968,2,1,3467.3578043965899
459,1,Pure_RSI,20240210,20240223,0,BTCB,1,47237.237458000003,51366.356908000002,0.83798985378396651,2,1,3460.1602041620281
461,1,Pure_RSI,20240212,20240224,0,ETH,1,2507.5789110000001,2921.9629839999998,15.862507297033176,2,1,6573.1703817368252
471,1,Pure_RSI,20240223,20240228,0,FIL,1,8.0562830000000005,7.6598199999999999,5098.712569469214,2,1,-2021.450881429475
470,1,Pure_RSI,20240222,20240228,0,WLD,1,7.0852959999999996,7.1664839999999996,5719.9678639389977,2,1,464.3927509374771
469,1,Pure_RSI,20240222,20240301,0,BNB,1,378.71396499999997,399.67241200000001,107.01391860871971,2,1,2242.8455414231721
457,1,Pure_RSI,20240207,20240301,0,TRX,1,0.12091300000000001,0.14058200000000001,326606.09212164604,2,1,6424.0152259406605
478,1,Pure_RSI,20240302,20240306,0,ADA,1,0.71903399999999995,0.69348900000000002,61770.085602382525,2,1,-1577.9168367128586
476,1,Pure_RSI,20240229,20240306,0,BCH,1,296.78470800000002,401.49484000000001,145.08067912508582,2,1,15191.417061837376
473,1,Pure_RSI,20240227,20240306,0,BTC,1,54519.362067000002,63776.051425999998,0.75728104688717057,2,1,7009.9154084928523
474,1,Pure_RSI,20240227,20240306,0,BTCB,1,54563.932296999999,63964.612112000003,0.75666246627881772,2,1,7113.1415735154005
475,1,Pure_RSI,20240228,20240306,0,DOGE,1,0.097672999999999996,0.15392500000000001,420192.64010968897,2,1,23636.67639145023
477,1,Pure_RSI,20240301,20240306,0,LTC,1,79.917293999999998,82.039034999999998,533.59605482245672,2,1,1132.1526269550523
481,1,Pure_RSI,20240302,20240306,0,SOL,1,130.04495700000001,125.679311,341.53413369980592,2,1,-1491.0171246500249
483,1,Pure_RSI,20240310,20240311,0,WLD,1,11.692446,9.5627049999999993,4851.0438024629384,2,1,-10331.466878901221
479,1,Pure_RSI,20240302,20240313,0,PEPE,1,3.9899999999999999e-06,8.2800000000000003e-06,11131526749.629953,2,1,47754.249755912511
480,1,Pure_RSI,20240302,20240313,0,SHIB,1,1.6869999999999999e-05,3.2209999999999998e-05,2632767737.4643459,2,1,40386.657092703063
485,1,Pure_RSI,20240312,20240315,0,BTC,1,72125.121627,71387.873202999996,0.78704452951749204,2,1,-580.24733900459978
486,1,Pure_RSI,20240312,20240315,0,BTCB,1,72230.566474000007,71444.825043999997,0.78589557286315048,2,1,-617.51071125216549
472,1,Pure_RSI,20240226,20240315,0,ETH,1,3112.5290209999998,3882.8568190000001,13.260914740757183,2,1,10215.25125171322
489,1,Pure_RSI,20240314,20240316,0,NEAR,1,7.7552490000000001,7.4773899999999998,7323.1282300922057,2,1,-2034.7970868851917
488,1,Pure_RSI,20240313,20240317,0,AVAX,1,55.591368000000003,53.498491000000001,988.95256647894098,2,1,-2069.7560804747482
482,1,Pure_RSI,20240309,20240317,0,BNB,1,488.09271799999999,576.77518599999996,116.80419107928621,2,1,10358.483937654673
484,1,Pure_RSI,20240311,20240317,0,FLOKI,1,0.00027300000000000002,0.000214,202607740.51073909,2,1,-11953.856690133609
487,1,Pure_RSI,20240312,20240320,0,SOL,1,148.725618,169.975469,381.68059531824645,2,1,8110.6557801040399
491,1,Pure_RSI,20240329,20240331,0,DOGE,1,0.220056,0.19941300000000001,247630.99551825135,2,1,-5111.8466404832652
492,1,Pure_RSI,20240401,20240402,0,WIF,1,4.588222,4.2297989999999999,11997.409389393317,2,1,-4300.147465574526
490,1,Pure_RSI,20240329,20240404,0,BCH,1,569.15696700000001,594.55857700000001,95.742808239689566,2,1,2432.0214752093816
493,1,Pure_RSI,20240514,20240517,0,PEPE,1,9.91e-06,1.004e-05,5428323823.0756273,2,1,705.68209699983709
494,1,Pure_RSI,20240514,20240517,0,TON,1,7.0211329999999998,6.7713380000000001,7661.8245355385616,2,1,-1913.8854598548496
497,1,Pure_RSI,20240521,20240522,0,SOL,1,186.398425,178.345765,287.95237272200109,2,1,-2318.7825537235476
496,1,Pure_RSI,20240521,20240523,0,LINK,1,17.277971999999998,16.347695000000002,3106.4912450601246,2,1,-2889.8973559807855
498,1,Pure_RSI,20240522,20240525,0,BONK,1,3.2929999999999998e-05,3.3149999999999999e-05,1623385399.1091962,2,1,357.14478780402715
501,1,Pure_RSI,20240529,20240530,0,BONK,1,4.1130000000000001e-05,3.6350000000000003e-05,1328016800.1788855,2,1,-6347.9203048550698
495,1,Pure_RSI,20240521,20240530,0,ETH,1,3663.0113270000002,3763.3575460000002,14.652935510945518,2,1,1470.3666757742176
500,1,Pure_RSI,20240528,20240530,0,FLOKI,1,0.00027799999999999998,0.00026800000000000001,196537725.12511197,2,1,-1965.3772512511132
499,1,Pure_RSI,20240522,20240530,0,PEPE,1,1.383e-05,1.4759999999999999e-05,3865371018.9924679,2,1,3594.7950476629921
502,1,Pure_RSI,20240605,20240608,0,BNB,1,686.20139400000005,683.36860300000001,77.038464388396463,2,1,-218.23386857327569
503,1,Pure_RSI,20240630,20240705,0,TRX,1,0.125333,0.12714500000000001,421613.44791938027,2,1,763.96356762992218
504,1,Pure_RSI,20240714,20240717,0,TRX,1,0.13947000000000001,0.13406799999999999,379425.50100267207,2,1,-2049.6565564164412
506,1,Pure_RSI,20240717,20240719,0,XRP,1,0.57937300000000003,0.569608,90983.978782928141,2,1,-888.45855281529657
505,1,Pure_RSI,20240717,20240723,0,NEAR,1,6.2445449999999996,6.0314480000000001,8441.5535062044437,2,1,-1798.8697275116429
508,1,Pure_RSI,20240722,20240724,0,AVAX,1,32.60566,29.841856,1627.5297963411904,2,1,-4498.1733612469689
509,1,Pure_RSI,20240722,20240724,0,BTC,1,68152.976133000004,65927.858074999996,0.77864073134254441,2,1,-1732.5675520046279
510,1,Pure_RSI,20240722,20240724,0,SOL,1,184.351192,172.817004,287.85646896912988,2,1,-3320.1906301061099
507,1,Pure_RSI,20240721,20240724,0,WIF,1,2.6433179999999998,2.5540699999999998,19923.192695896381,2,1,-1778.1051017233622
513,1,Pure_RSI,20240824,20240825,0,AAVE,1,143.750035,137.03813,361.66620639395359,2,1,-2427.4692190266142
515,1,Pure_RSI,20240825,20240826,0,ADA,1,0.39401000000000003,0.38497599999999998,132536.40528962642,2,1,-1197.3338853864916
512,1,Pure_RSI,20240822,20240826,0,MATIC,1,0.525393,0.52419800000000005,98392.532237868494,2,1,-117.5790760242453
514,1,Pure_RSI,20240824,20240827,0,AVAX,1,26.51962,25.956246,1960.4176012871999,2,1,-1104.4483057075777
516,1,Pure_RSI,20240825,20240827,0,LINK,1,12.347844,11.85483,4229.1325552999942,2,1,-2085.0215576186747
517,1,Pure_RSI,20240825,20240827,0,NEAR,1,5.0445460000000004,4.7829179999999996,10351.906603322817,2,1,-2708.3486208141476
511,1,Pure_RSI,20240820,20240828,0,TRX,1,0.14318400000000001,0.15795899999999999,358363.17239817459,2,1,5294.8158721830259
518,1,Pure_RSI,20240916,20240917,0,SUI,1,1.07968,1.042608,47122.604843491368,2,1,-1746.9292067579081
520,1,Pure_RSI,20240924,20240926,0,AAVE,1,172.069817,165.36952099999999,303.83068892200163,2,1,-2035.755549661335
521,1,Pure_RSI,20240924,20240926,0,BNB,1,604.36602700000003,587.351361,86.504020256242399,2,1,-1471.8370123172062
522,1,Pure_RSI,20240925,20240926,0,FET,1,1.7082999999999999,1.636177,31046.915391533283,2,1,-2239.1966787835554
523,1,Pure_RSI,20240925,20240926,0,NEAR,1,5.3653029999999999,5.1435510000000004,9885.2656715485227,2,1,-2192.0774331972279
529,1,Pure_RSI,20240929,20240930,0,LINK,1,12.943346999999999,12.482324,4144.5205061456682,2,1,-1910.7192773047936
524,1,Pure_RSI,20240925,20240930,0,ONDO,1,0.77831099999999998,0.80757299999999999,68144.283664699979,2,1,1994.0380285964493
527,1,Pure_RSI,20240928,20241001,0,DOGE,1,0.123714,0.114427,428634.75920947746,2,1,-3980.7310087784208
528,1,Pure_RSI,20240928,20241001,0,PEPE,1,1.0699999999999999e-05,1.047e-05,4955899121.5739536,2,1,-1139.8567979620057
525,1,Pure_RSI,20240927,20241001,0,SHIB,1,1.863e-05,1.7560000000000001e-05,2805526880.2183914,2,1,-3001.9137618336681
530,1,Pure_RSI,20240930,20241001,0,XRP,1,0.64194499999999999,0.61149200000000004,83458.986214521399,2,1,-2541.5765071908099
526,1,Pure_RSI,20240927,20241002,0,WIF,1,2.2075049999999998,2.3004699999999998,23676.941061727441,2,1,2201.1268258034906
519,1,Pure_RSI,20240918,20241004,0,SUI,1,1.1703730000000001,1.6669449999999999,43321.779532460991,2,1,21512.382705993208
532,1,Pure_RSI,20241021,20241022,0,BTC,1,69002.000146999999,67360.702726000003,0.75195308419308782,2,1,-1234.1786577991079
533,1,Pure_RSI,20241021,20241022,0,ETH,1,2746.3057100000001,2665.6567540000001,18.89311398840173,2,1,-1523.7099187535932
531,1,Pure_RSI,20241017,20241024,0,DOGE,1,0.125773,0.139901,407257.75349305006,2,1,5753.7375413498085
534,1,Pure_RSI,20241025,20241026,0,SOL,1,177.138307,164.40299200000001,290.85529380475054,2,1,-3704.1337860210479
535,1,Pure_RSI,20241030,20241101,0,DOGE,1,0.175839,0.16137199999999999,290897.92905987293,2,1,-4208.4203397091842
545,1,Pure_RSI,20241112,20241113,0,APT,1,13.708328,12.39297,4326.6391735220104,2,1,-5691.0794500055636
541,1,Pure_RSI,20241111,20241113,0,BCH,1,442.13702000000001,434.28939700000001,123.07917554249728,2,1,-965.87896880833432
540,1,Pure_RSI,20241111,20241114,0,AVAX,1,31.982671,33.133389000000001,1701.4795261601707,2,1,1957.9231173839871
538,1,Pure_RSI,20241110,20241114,0,ETH,1,3130.7291719999998,3192.5204130000002,16.386060086143122,2,1,1012.5149878233497
547,1,Pure_RSI,20241113,20241114,0,TRX,1,0.18807299999999999,0.17710999999999999,310789.8754413437,2,1,-3407.1894044634464
546,1,Pure_RSI,20241113,20241115,0,RENDER,1,7.2160659999999996,6.5736720000000002,8100.1454592959426,2,1,-5203.4848421789575
543,1,Pure_RSI,20241111,20241115,0,SHIB,1,2.6080000000000001e-05,2.3410000000000001e-05,2086574382.6079996,2,1,-5571.153601563361
550,1,Pure_RSI,20241114,20241115,0,WIF,1,4.1776819999999999,3.580867,13930.230488026127,2,1,-8313.7705087113136
552,1,Pure_RSI,20241117,20241118,0,LTC,1,95.318719000000002,87.056916000000001,668.13750050468718,2,1,-5520.020406082127
553,1,Pure_RSI,20241117,20241118,0,NEAR,1,5.9609230000000002,5.7053279999999997,10683.917685896738,2,1,-2730.7559409267851
551,1,Pure_RSI,20241116,20241120,0,FLOKI,1,0.00025900000000000001,0.00024800000000000001,237726713.44797069,2,1,-2614.9938479276752
549,1,Pure_RSI,20241114,20241120,0,PEPE,1,2.0820000000000001e-05,1.969e-05,2795200440.2342925,2,1,-3158.5764974647464
537,1,Pure_RSI,20241110,20241121,0,DOGE,1,0.21879399999999999,0.37749700000000003,234468.57009713748,2,1,37210.86548012602
556,1,Pure_RSI,20241120,20241121,0,RENDER,1,7.8899970000000001,7.3632489999999997,8063.3650494613039,2,1,-4247.361413073646
539,1,Pure_RSI,20241110,20241121,0,SUI,1,2.7670590000000002,3.5290360000000001,18539.653952385219,2,1,14126.789899676631
555,1,Pure_RSI,20241119,20241121,0,TRX,1,0.202177,0.19489799999999999,311033.2348271861,2,1,-2264.0109163070883
548,1,Pure_RSI,20241114,20241123,0,BONK,1,3.7490000000000002e-05,4.9539999999999997e-05,1552309233.547025,2,1,18705.326264241638
536,1,Pure_RSI,20241109,20241126,0,ADA,1,0.44381700000000002,0.94568399999999997,114304.67718448838,2,1,57365.745424547626
542,1,Pure_RSI,20241111,20241126,0,BTC,1,80471.413192000007,93087.279991999996,0.67623840243216371,2,1,8531.3336101289606
559,1,Pure_RSI,20241124,20241126,0,DOGE,1,0.43001200000000001,0.39331100000000002,170307.43521162364,2,1,-6250.4531797017989
554,1,Pure_RSI,20241118,20241126,0,SOL,1,237.35518400000001,235.91507200000001,264.20215000595334,2,1,-380.48068664937455
558,1,Pure_RSI,20241123,20241127,0,XLM,1,0.34106599999999998,0.43976399999999999,203478.65568509305,2,1,20082.936358807317
557,1,Pure_RSI,20241123,20241129,0,AVAX,1,43.089720999999997,42.840175000000002,1610.5848348354807,2,1,-401.91500319384795
564,1,Pure_RSI,20241202,20241204,0,SHIB,1,3.0870000000000001e-05,2.8609999999999999e-05,2505576129.1313787,2,1,-5662.6020518369187
568,1,Pure_RSI,20241204,20241205,0,TRX,1,0.42607400000000001,0.33239099999999999,196159.59007047408,2,1,-18376.818876572223
565,1,Pure_RSI,20241203,20241206,0,AVAX,1,52.314552999999997,50.453611000000002,1646.9021927387146,2,1,-3064.7894603595632
567,1,Pure_RSI,20241204,20241206,0,BNB,1,737.69657900000004,717.95848899999999,113.29658230621558,2,1,-2236.258138252495
544,1,Pure_RSI,20241111,20241206,0,XRP,1,0.58938199999999996,2.250912,92330.372998185616,2,1,153409.68464767537
561,1,Pure_RSI,20241202,20241210,0,ADA,1,1.155286,1.007547,66950.638288948059,2,1,-9891.2203501709009
560,1,Pure_RSI,20241125,20241210,0,DOT,1,8.8136329999999994,8.5134070000000008,8269.7315981590964,2,1,-2482.7884387889062
562,1,Pure_RSI,20241202,20241210,0,HBAR,1,0.20935200000000001,0.28133799999999998,369459.7381743936,2,1,26595.928712221881
566,1,Pure_RSI,20241203,20241210,0,LINK,1,25.091636999999999,22.346228,3433.6919527349173,2,1,-9426.8887902660063
563,1,Pure_RSI,20241202,20241210,0,LTC,1,119.865672,110.83819,645.28178765214489,2,1,-5825.2697229575715
569,1,Pure_RSI,20241206,20241210,0,RENDER,1,10.098914000000001,8.9541240000000002,7798.1060675249319,2,1,-8927.1938450418675
570,1,Pure_RSI,20241206,20241210,0,SUI,1,4.2187869999999998,3.8417059999999998,18667.072440209115,2,1,-7038.9983428264968
572,1,Pure_RSI,20250118,20250119,0,HBAR,1,0.37522100000000003,0.35507,191860.80358070679,2,1,-3866.1870529548323
573,1,Pure_RSI,20250118,20250119,0,LTC,1,136.98945699999999,125.405857,525.51637298888193,2,1,-6087.3714581539971
574,1,Pure_RSI,20250119,20250120,0,SOL,1,262.08024499999999,243.80514099999999,270.67642622214805,2,1,-4946.6398395580763
571,1,Pure_RSI,20250116,20250120,0,XRP,1,3.1553909999999998,2.9543529999999998,22711.882139436366,2,1,-4565.95136154801
575,1,Pure_RSI,20250303,20250304,0,ADA,1,1.129526,0.85526199999999997,61723.460570732102,2,1,-16928.523189971274
580,1,Pure_RSI,20250427,20250428,0,LTC,1,87.106977000000001,85.532525000000007,813.08021423353739,2,1,-1280.1557694604126
577,1,Pure_RSI,20250423,20250428,0,PEPE,1,8.8100000000000004e-06,8.7600000000000008e-06,7721384926.8580742,2,1,-386.06924634290044
579,1,Pure_RSI,20250424,20250430,0,TRUMP,1,13.354986,13.009833,5096.2699705253226,2,1,-1758.992869136724
578,1,Pure_RSI,20250424,20250503,0,SUI,1,2.965465,3.4273289999999998,22951.076511975727,2,1,10600.276002127153
576,1,Pure_RSI,20250423,20250504,0,BTC,1,93427.585808999997,95877.184179999997,0.72810830566347207,2,1,1783.5729194648156
581,1,Pure_RSI,20250503,20250507,0,VIRTUAL,1,1.765927,1.490845,39070.962268018193,2,1,-10747.718442610982
590,1,Pure_RSI,20250511,20250512,0,ADA,1,0.84125700000000003,0.80498999999999998,87497.371209702673,2,1,-3173.2671616622829
588,1,Pure_RSI,20250510,20250512,0,BNB,1,666.88927899999999,650.62543800000003,104.15373278595793,2,1,-1693.9397495873127
583,1,Pure_RSI,20250509,20250513,0,BTC,1,103239.125164,102812.492464,0.65717810333288373,2,1,-280.37366860578186
587,1,Pure_RSI,20250509,20250513,0,SUI,1,4.0232390000000002,3.963854,16863.649528408256,2,1,-1001.4478272445267
589,1,Pure_RSI,20250510,20250515,0,DOGE,1,0.20529500000000001,0.23280699999999999,338337.55212151364,2,1,9308.3427339670743
586,1,Pure_RSI,20250509,20250515,0,SOL,1,163.64707100000001,176.550027,414.59032569561668,2,1,5349.4407304762135
582,1,Pure_RSI,20250509,20250516,0,AAVE,1,205.649732,223.3194,329.91286594540134,2,1,5829.4508101837564
585,1,Pure_RSI,20250509,20250516,0,PEPE,1,1.112e-05,1.3030000000000001e-05,6101303279.2287502,2,1,11653.489263326905
591,1,Pure_RSI,20250511,20250516,0,WIF,1,0.94304500000000002,0.98522200000000004,78053.301816732856,2,1,3292.0541107243334
584,1,Pure_RSI,20250509,20250517,0,ETH,1,2206.1282390000001,2536.297568,30.753648525788943,2,1,10153.91149806157
592,1,Pure_RSI,20250513,20250518,0,TRX,1,0.27170100000000003,0.26957900000000001,268934.32249783666,2,1,-570.67863234040851
593,1,Pure_RSI,20250522,20250524,0,BTC,1,109673.49185599999,107278.506978,0.65406133662579569,2,1,-1566.4670105032419
594,1,Pure_RSI,20250611,20250613,0,UNI,1,8.6228110000000004,7.5203519999999999,8300.8364644317662,2,1,-9151.3318677409916
595,1,Pure_RSI,20250708,20250710,0,BONK,1,2.279e-05,2.1039999999999998e-05,3100544571.6511302,2,1,-5425.9530003894833
596,1,Pure_RSI,20250711,20250716,0,BTC,1,115986.234797,117777.188995,0.60454428588541398,2,1,1082.7111266833963
606,1,Pure_RSI,20250716,20250719,0,BONK,1,2.9689999999999999e-05,3.2509999999999999e-05,2576331032.5523915,2,1,7265.2535117977386
598,1,Pure_RSI,20250711,20250719,0,PEPE,1,1.24e-05,1.2989999999999999e-05,5654743184.5072832,2,1,3336.2984788592876
605,1,Pure_RSI,20250715,20250719,0,SUI,1,3.8798750000000002,3.784904,19338.087470029554,2,1,-1836.5575051161868
603,1,Pure_RSI,20250712,20250721,0,TRX,1,0.30096200000000001,0.31422099999999997,234960.77024265003,2,1,3115.344852647293
600,1,Pure_RSI,20250712,20250724,0,ADA,1,0.71052599999999999,0.81622700000000004,99523.822258113622,2,1,10519.767536504878
607,1,Pure_RSI,20250719,20250724,0,DOGE,1,0.23613899999999999,0.24066299999999999,342131.3725835238,2,1,1547.8023295678577
608,1,Pure_RSI,20250719,20250724,0,LINK,1,17.842518999999999,18.184709000000002,4527.9794960846457,2,1,1549.4293037652096
609,1,Pure_RSI,20250719,20250724,0,LTC,1,101.67025,112.189273,794.63324021039318,2,1,8358.7653303376574
610,1,Pure_RSI,20250721,20250724,0,SOL,1,181.218693,189.48873699999999,467.51565190808964,2,1,3866.3750119685719
604,1,Pure_RSI,20250713,20250724,0,XLM,1,0.39171899999999998,0.42775099999999999,180078.63022985696,2,1,6488.5932044422079
599,1,Pure_RSI,20250711,20250724,0,XRP,1,2.5466310000000001,3.1849400000000001,27533.95191053997,2,1,17575.169310064855
602,1,Pure_RSI,20250712,20250725,0,PENGU,1,0.023466000000000001,0.037534999999999999,3013477.5135842683,2,1,42396.615138617068
601,1,Pure_RSI,20250712,20250730,0,BNB,1,689.87334099999998,804.89893700000005,102.50325549798052,2,1,11790.498055595497
611,1,Pure_RSI,20250726,20250730,0,ENA,1,0.60384800000000005,0.57006500000000004,138213.04461508308,2,1,-4669.2512862313597
612,1,Pure_RSI,20250730,20250731,0,TRX,1,0.33823599999999998,0.32757399999999998,246418.37434198504,2,1,-2627.3127072342468
597,1,Pure_RSI,20250711,20250801,0,ETH,1,2954.8327789999998,3696.1443770000001,23.730214442666544,2,1,17591.483189375824
613,1,Pure_RSI,20250810,20250812,0,LINK,1,21.930374,21.119802,3778.0438206870012,2,1,-3062.3765358218952
614,1,Pure_RSI,20250811,20250815,0,ENA,1,0.79780600000000002,0.71666799999999997,103933.71340285608,2,1,-8432.9736380809481
618,1,Pure_RSI,20250814,20250815,0,UNI,1,12.150451,10.891854,6820.3205944638084,2,1,-8584.0350392303662
617,1,Pure_RSI,20250814,20250816,0,BNB,1,849.00548200000003,827.28919099999996,97.608287513181651,2,1,-2119.6899756479252
615,1,Pure_RSI,20250813,20250816,0,ETH,1,4590.657518,4439.9981820000003,18.000467809692619,2,1,-2711.9385278976551
616,1,Pure_RSI,20250813,20250816,0,TRX,1,0.35235899999999998,0.352464,234516.45304386271,2,1,24.62422756961314
619,1,Pure_RSI,20250816,20250819,0,ADA,1,0.94384199999999996,0.92323599999999995,85146.939676870956,2,1,-1754.5378389816033
620,1,Pure_RSI,20250910,20250912,0,WLD,1,1.929262,1.6549290000000001,41565.023953846496,2,1,-11402.657716330563
623,1,Pure_RSI,20250913,20250916,0,BNB,1,925.03069100000005,919.97021900000004,85.740956583517502,2,1,-433.88971004410996
624,1,Pure_RSI,20250913,20250916,0,DOGE,1,0.27542,0.26862900000000001,287971.1579240876,2,1,-1955.6121334624768
626,1,Pure_RSI,20250914,20250916,0,PEPE,1,1.1909999999999999e-05,1.078e-05,6699776666.5198994,2,1,-7570.7476331674843
625,1,Pure_RSI,20250913,20250916,0,SOL,1,242.07672500000001,234.057151,327.63586138011493,2,1,-2627.5000353915675
627,1,Pure_RSI,20250916,20250919,0,PUMP,1,0.0086149999999999994,0.0078200000000000006,9042280.2336385064,2,1,-7188.6127857426036
622,1,Pure_RSI,20250912,20250920,0,MNT,1,1.6355170000000001,1.6513500000000001,48291.426622817417,2,1,764.59815771906869
621,1,Pure_RSI,20250911,20250921,0,AVAX,1,29.426635000000001,33.186328000000003,2716.7256119543749,2,1,10214.054266185587
628,1,Pure_RSI,20250917,20250923,0,BNB,1,955.68787899999995,993.01401799999996,81.349239931297888,2,1,3036.4530372199661
630,1,Pure_RSI,20251004,20251008,0,BTC,1,122267.469771,121448.353627,0.64181772907315926,2,1,-525.72326338925632
629,1,Pure_RSI,20251004,20251010,0,BNB,1,1189.92886,1255.8875680000001,65.948001116591442,2,1,4349.8449488329352
631,1,Pure_RSI,20251012,20251013,0,ZEC,1,292.30696699999999,249.72252399999999,269.77065502680523,1,0,-11488.033082061636
