source_symbol,canonical_asset
AAVE,AAVEUSDT
ADA,ADAUSDT
ALGO,ALGOUSDT
AMP,AMPUSDT
APE,APEUSDT
APT,APTUSDT
AR,ARUSDT
ARB,ARBUSDT
ASTER,ASTERUSDT
ATOM,ATOMUSDT
AVAX,AVAXUSDT
AXS,AXSUSDT
BAND,BANDUSDT
BAT,BATUSDT
BCH,BCHUSDT
BEAM,BEAMUSDT
BGB,BGBUSDT
BNB,BNBUSDT
BONK,BONKUSDT
BSV,BSVUSDT
BTC,BTCUSDT
BTCB,BTCBUSDT
BTG,BTGUSDT
CAKE,CAKEUSDT
CELO,CELOUSDT
CFX,CFXUSDT
CHZ,CHZUSDT
CNX,CNXUSDT
COMP,COMPUSDT
CORE,COREUSDT
CRO,CROUSDT
DASH,DASHUSDT
DCR,DCRUSDT
DOGE,DOGEUSDT
DOT,DOTUSDT
DYDX,DYDXUSDT
EGLD,EGLDUSDT
ENA,ENAUSDT
ENJ,ENJUSDT
EOS,EOSUSDT
ETC,ETCUSDT
ETH,ETHUSDT
FET,FETUSDT
FIL,FILUSDT
FLOKI,FLOKIUSDT
FLOW,FLOWUSDT
FTM,FTMUSDT
FTT,FTTUSDT
GALA,GALAUSDT
GMT,GMTUSDT
GRT,GRTUSDT
HBAR,HBARUSDT
HIVE,HIVEUSDT
HOT,HOTUSDT
HT,HTUSDT
HYPE,HYPEUSDT
ICP,ICPUSDT
ICX,ICXUSDT
IMX,IMXUSDT
INJ,INJUSDT
IP,IPUSDT
JASMY,JASMYUSDT
JUP,JUPUSDT
KAS,KASUSDT
KAVA,KAVAUSDT
KLAY,KLAYUSDT
KNC,KNCUSDT
KSM,KSMUSDT
LDO,LDOUSDT
LINK,LINKUSDT
LRC,LRCUSDT
LSK,LSKUSDT
LTC,LTCUSDT
LUNA,LUNAUSDT
LUNC,LUNCUSDT
MANA,MANAUSDT
MANTA,MANTAUSDT
MATIC,MATICUSDT
MKR,MKRUSDT
MNT,MNTUSDT
MOVE,MOVEUSDT
NEAR,NEARUSDT
NEO,NEOUSDT
NOT,NOTUSDT
OKB,OKBUSDT
OM,OMUSDT
OMG,OMGUSDT
ONDO,ONDOUSDT
ONE,ONEUSDT
ONT,ONTUSDT
OP,OPUSDT
ORDI,ORDIUSDT
PENGU,PENGUUSDT
PEPE,PEPEUSDT
PI,PIUSDT
POL,POLUSDT
PUMP,PUMPUSDT
QNT,QNTUSDT
QTUM,QTUMUSDT
REN,RENUSDT
RENDER,RENDERUSDT
REP,REPUSDT
RSR,RSRUSDT
RUNE,RUNEUSDT
RVN,RVNUSDT
S,SUSDT
SAND,SANDUSDT
SC,SCUSDT
SEI,SEIUSDT
SHIB,SHIBUSDT
SLP,SLPUSDT
SNT,SNTUSDT
SNX,SNXUSDT
SOL,SOLUSDT
STX,STXUSDT
SUI,SUIUSDT
SUSHI,SUSHIUSDT
SXP,SXPUSDT
SYS,SYSUSDT
TAO,TAOUSDT
TFUEL,TFUELUSDT
THETA,THETAUSDT
TIA,TIAUSDT
TMTG,TMTGUSDT
TON,TONUSDT
TRUMP,TRUMPUSDT
TRX,TRXUSDT
TWT,TWTUSDT
UMA,UMAUSDT
UNI,UNIUSDT
VET,VETUSDT
VGX,VGXUSDT
VIRTUAL,VIRTUALUSDT
WAVES,WAVESUSDT
WIF,WIFUSDT
WLD,WLDUSDT
WLFI,WLFIUSDT
XCN,XCNUSDT
XEC,XECUSDT
XEM,XEMUSDT
XLM,XLMUSDT
XMR,XMRUSDT
XPL,XPLUSDT
XRP,XRPUSDT
XTZ,XTZUSDT
YFI,YFIUSDT
ZB,ZBUSDT
ZEC,ZECUSDT
ZIL,ZILUSDT
ZRX,ZRXUSDT
