fill_id,order_id,strategy_id,timestamp,coin,side,quantity,price,commission
1,1,1,20200129,ETC,0,870.48922276999997,11.487793,0
2,2,1,20200131,LTC,0,147.67683982,68.179039000000003,0
3,3,1,20200131,TRX,0,515961.10597303999,0.019514,0
4,4,1,20200131,ZEC,0,150.48803253,66.905420000000007,0
5,5,1,20200201,ETC,1,870.48922276999997,11.321859,0
6,6,1,20200201,ONT,0,12891.96209546,0.77030799999999999,0
7,7,1,20200201,TRX,1,515961.10597303999,0.018664,0
8,8,1,20200205,LTC,1,147.67683982,68.114608000000004,0
9,9,1,20200205,VET,0,1531198.37908108,0.0065120000000000004,0
10,10,1,20200205,XRP,0,37388.312527460002,0.26669199999999998,0
11,11,1,20200205,ZEC,1,150.48803253,64.322322,0
12,12,1,20200206,BCH,0,22.696352770000001,442.34128500000003,0
13,13,1,20200206,ETH,0,49.182133200000003,204.129695,0
14,14,1,20200206,QTUM,0,4108.56185921,2.4435639999999998,0
15,15,1,20200206,TRX,0,483553.31138367997,0.020761999999999999,0
16,16,1,20200206,XLM,0,146001.97564021,0.068763000000000005,0
17,17,1,20200207,BNB,0,500.67823944000003,20.583083999999999,0
18,18,1,20200207,HT,0,2781.0414430199999,3.7056269999999998,0
19,19,1,20200211,OKB,0,1982.03138941,5.5369820000000001,0
20,20,1,20200211,VET,1,1531198.37908108,0.0065579999999999996,0
21,21,1,20200211,XLM,1,146001.97564021,0.070889999999999995,0
22,22,1,20200211,XRP,1,37388.312527460002,0.27390199999999998,0
23,23,1,20200212,EOS,0,2126.4640740700002,5.2428489999999996,0
24,24,1,20200212,LINK,0,2804.5701448300001,3.9752010000000002,0
25,25,1,20200216,BCH,1,22.696352770000001,438.87750299999999,0
26,26,1,20200216,BNB,1,500.67823944000003,24.228051000000001,0
27,27,1,20200216,EOS,1,2126.4640740700002,4.7587169999999999,0
28,28,1,20200216,ONT,1,12891.96209546,0.96042499999999997,0
29,29,1,20200216,QTUM,1,4108.56185921,2.6871149999999999,0
30,30,1,20200216,TRX,1,483553.31138367997,0.023609000000000002,0
31,31,1,20200217,ETH,1,49.182133200000003,259.89055200000001,0
32,32,1,20200218,HT,1,2781.0414430199999,4.757568,0
33,33,1,20200218,LINK,1,2804.5701448300001,4.296799,0
34,34,1,20200223,OKB,1,1982.03138941,5.7984609999999996,0
35,35,1,20200407,EOS,0,4111.9292679999999,2.731141,0
36,36,1,20200407,ETH,0,66.393306039999999,169.14745300000001,0
37,37,1,20200407,XLM,0,226850.99713070999,0.049505,0
38,38,1,20200408,EOS,1,4111.9292679999999,2.630566,0
39,39,1,20200409,LINK,0,3580.65515099,3.140663,0
40,40,1,20200409,LTC,0,242.63448566,46.348033000000001,0
41,41,1,20200410,ATOM,0,4379.3393894199999,2.5855779999999999,0
42,42,1,20200410,DASH,0,136.55335213000001,82.920876000000007,0
43,43,1,20200410,ZEC,0,275.77076404000002,41.059913000000002,0
44,44,1,20200411,ATOM,1,4379.3393894199999,2.307957,0
45,45,1,20200411,DASH,1,136.55335213000001,74.420175999999998,0
46,46,1,20200411,ETH,1,66.393306039999999,158.538985,0
47,47,1,20200411,LTC,1,242.63448566,42.256740999999998,0
48,48,1,20200411,XLM,1,226850.99713070999,0.047851999999999999,0
49,49,1,20200411,ZEC,1,275.77076404000002,36.769347000000003,0
50,50,1,20200415,LINK,1,3580.65515099,3.2406929999999998,0
51,51,1,20200420,ZEC,0,228.47180779000001,46.664571000000002,0
52,52,1,20200421,ZEC,1,228.47180779000001,42.375169999999997,0
53,53,1,20200424,XLM,0,170864.68323209,0.061823999999999997,0
54,54,1,20200425,XTZ,0,3870.8148661199998,2.7280859999999998,0
55,55,1,20200427,DOGE,0,4393971.3810970904,0.0024099999999999998,0
56,56,1,20200429,TRX,0,693067.94426758995,0.015389,0
57,57,1,20200429,XRP,0,49478.213202389998,0.215562,0
58,58,1,20200430,BTC,0,1.25022173,8797.6700500000006,0
59,59,1,20200430,EOS,0,3644.9212626600001,3.0176340000000001,0
60,60,1,20200430,ETH,0,50.708045929999997,216.90913399999999,0
61,61,1,20200430,HT,0,2548.2886929599999,4.3162450000000003,0
62,62,1,20200430,LTC,0,223.79488491000001,49.147854000000002,0
63,63,1,20200501,EOS,1,3644.9212626600001,2.8342510000000001,0
64,64,1,20200501,ETH,1,50.708045929999997,207.90173100000001,0
65,65,1,20200501,HT,1,2548.2886929599999,4.2090350000000001,0
66,66,1,20200501,LTC,1,223.79488491000001,46.714263000000003,0
67,67,1,20200501,TRX,1,693067.94426758995,0.015276,0
68,68,1,20200501,XLM,1,170864.68323209,0.067781999999999995,0
69,69,1,20200501,XRP,1,49478.213202389998,0.21285799999999999,0
70,70,1,20200501,XTZ,1,3870.8148661199998,2.7609880000000002,0
71,71,1,20200503,ETC,0,1410.1829837400001,7.4795340000000001,0
72,72,1,20200505,DOGE,1,4393971.3810970904,0.0024810000000000001,0
73,73,1,20200507,ETC,1,1410.1829837400001,6.9839869999999999,0
74,74,1,20200508,NEO,0,1067.2943140899999,9.9018029999999992,0
75,75,1,20200511,BTC,1,1.25022173,8755.5356389999997,0
76,76,1,20200511,NEO,1,1067.2943140899999,9.7806789999999992,0
77,77,1,20200523,OMG,0,5755.6884570499997,1.8078959999999999,0
78,78,1,20200525,OMG,1,5755.6884570499997,1.5388409999999999,0
79,79,1,20200531,ADA,0,133292.06765446,0.076905000000000001,0
80,80,1,20200531,ETH,0,42.297371249999998,242.351384,0
81,81,1,20200531,VET,0,1644605.5612011801,0.0062329999999999998,0
82,82,1,20200601,ETH,1,42.297371249999998,230.860253,0
83,83,1,20200602,NEO,0,832.29740733999995,12.407389,0
84,84,1,20200604,XLM,0,126391.8163163,0.082708000000000004,0
85,85,1,20200606,NEO,1,832.29740733999995,11.865326,0
86,86,1,20200606,XLM,1,126391.8163163,0.079493999999999995,0
87,87,1,20200610,ADA,1,133292.06765446,0.083393999999999996,0
88,88,1,20200615,VET,1,1644605.5612011801,0.008685,0
89,89,1,20200624,LINK,0,2205.6390437199998,4.8086900000000004,0
90,90,1,20200627,LINK,1,2205.6390437199998,4.6794690000000001,0
91,91,1,20200704,VET,0,1032175.34395726,0.010248,0
92,92,1,20200705,ADA,0,108135.50684935,0.099964999999999998,0
93,93,1,20200707,BSV,0,57.671516029999999,191.92487800000001,0
94,94,1,20200707,DOGE,0,4234352.9760550801,0.002614,0
95,95,1,20200707,TRX,0,614751.38458249997,0.018005,0
96,96,1,20200708,BSV,1,57.671516029999999,184.460688,0
97,97,1,20200708,LINK,0,2031.80484755,5.7139800000000003,0
98,98,1,20200708,TRX,1,614751.38458249997,0.017145000000000001,0
99,99,1,20200709,QTUM,0,6382.6659013199996,2.0169600000000001,0
100,100,1,20200709,XLM,0,151678.74515551,0.084874000000000005,0
101,101,1,20200710,ETC,0,1886.2825860299999,6.6668989999999999,0
102,102,1,20200711,ADA,1,108135.50684935,0.118349,0
103,103,1,20200711,DOGE,1,4234352.9760550801,0.0035279999999999999,0
104,104,1,20200711,ETC,1,1886.2825860299999,6.3781280000000002,0
105,105,1,20200711,QTUM,1,6382.6659013199996,2.0351539999999999,0
106,106,1,20200711,VET,1,1032175.34395726,0.017139999999999999,0
107,107,1,20200713,BNB,0,669.74776299999996,18.236545,0
108,108,1,20200714,XLM,1,151678.74515551,0.090219999999999995,0
109,109,1,20200715,QTUM,0,5243.1100547599999,2.3444950000000002,0
110,110,1,20200716,BNB,1,669.74776299999996,17.591650000000001,0
111,111,1,20200717,XLM,0,121932.61536162,0.100758,0
112,112,1,20200719,LINK,1,2031.80484755,7.9588700000000001,0
113,113,1,20200720,XLM,1,121932.61536162,0.099898000000000001,0
114,114,1,20200721,QTUM,1,5243.1100547599999,2.2338249999999999,0
115,115,1,20200723,ETH,0,46.349767409999998,262.38864699999999,0
116,116,1,20200726,BNB,0,625.47514537999996,19.752637,0
117,117,1,20200726,LTC,0,252.98212380999999,48.836587000000002,0
118,118,1,20200727,ADA,0,83470.184988289999,0.14789099999999999,0
119,119,1,20200727,BTC,0,1.24626123,9905.2179140000007,0
120,120,1,20200728,ADA,1,83470.184988289999,0.138762,0
121,121,1,20200728,BCH,0,46.912230899999997,268.38760100000002,0
122,122,1,20200728,BSV,0,60.561260799999999,207.899587,0
123,123,1,20200728,XRP,0,56236.175555870002,0.223889,0
124,124,1,20200728,ZEC,0,178.06876936,70.706733999999997,0
125,125,1,20200729,DASH,0,160.77484992999999,79.816079000000002,0
126,126,1,20200729,EOS,0,4286.0018515600004,2.99403,0
127,127,1,20200803,BCH,1,46.912230899999997,283.91140999999999,0
128,128,1,20200803,BSV,1,60.561260799999999,217.836242,0
129,129,1,20200803,BTC,1,1.24626123,11043.768884999999,0
130,130,1,20200803,DASH,1,160.77484992999999,85.054271999999997,0
131,131,1,20200803,EOS,1,4286.0018515600004,2.94035,0
132,132,1,20200803,LTC,1,252.98212380999999,56.624898999999999,0
133,133,1,20200804,ZEC,1,178.06876936,82.466205000000002,0
134,134,1,20200805,LINK,0,1424.70737992,9.8321389999999997,0
135,135,1,20200806,ZEC,0,146.93787087999999,95.993109000000004,0
136,136,1,20200807,DASH,0,140.24812908000001,100.58121,0
137,137,1,20200808,BNB,1,625.47514537999996,22.312598999999999,0
138,138,1,20200808,ETH,1,46.349767409999998,379.55158399999999,0
139,139,1,20200809,XRP,1,56236.175555870002,0.29461799999999999,0
140,140,1,20200810,ATOM,0,2720.6211817899998,5.2839850000000004,0
141,141,1,20200810,ZEC,1,146.93787087999999,90.251197000000005,0
142,142,1,20200811,DASH,1,140.24812908000001,95.654415,0
143,143,1,20200811,NEO,0,986.56616107000002,14.536187999999999,0
144,144,1,20200811,XTZ,0,3350.5862433299999,4.2801200000000001,0
145,145,1,20200812,ATOM,1,2720.6211817899998,4.9336320000000002,0
146,146,1,20200812,NEO,1,986.56616107000002,13.738243000000001,0
147,147,1,20200814,XTZ,1,3350.5862433299999,4.1742410000000003,0
148,148,1,20200815,TRX,0,589217.58284262998,0.024739000000000001,0
149,149,1,20200816,EOS,0,3996.6328468699999,3.7314829999999999,0
150,150,1,20200818,LINK,1,1424.70737992,16.783691999999999,0
151,151,1,20200818,NEO,0,900.46068492999996,16.540327999999999,0
152,152,1,20200818,QTUM,0,4365.6532688500001,3.4116119999999999,0
153,153,1,20200819,EOS,1,3996.6328468699999,3.5887380000000002,0
154,154,1,20200819,QTUM,1,4365.6532688500001,3.2999689999999999,0
155,155,1,20200820,NEO,1,900.46068492999996,15.878748999999999,0
156,156,1,20200820,TRX,1,589217.58284262998,0.026519000000000001,0
157,157,1,20200821,NEO,0,814.74330250000003,17.791906000000001,0
158,158,1,20200821,OMG,0,2533.0764089099998,5.7226210000000002,0
159,159,1,20200821,QTUM,0,3556.4836765,4.0758900000000002,0
160,160,1,20200822,NEO,1,814.74330250000003,16.634823999999998,0
161,161,1,20200822,QTUM,1,3556.4836765,3.7817889999999998,0
162,162,1,20200824,ATOM,0,1701.8232281200001,8.5038470000000004,0
163,163,1,20200826,OMG,1,2533.0764089099998,5.1709529999999999,0
164,164,1,20200827,ATOM,1,1701.8232281200001,7.7300750000000003,0
165,165,1,20200902,ETH,0,29.40316851,477.00788399999999,0
166,166,1,20200902,TRX,0,405163.45133170998,0.034617000000000002,0
167,167,1,20200903,ETH,1,29.40316851,440.23999199999997,0
168,168,1,20200905,TRX,1,405163.45133170998,0.035749000000000003,0
169,169,1,20200913,YFI,0,0.32217097,43341.267734000001,0
170,170,1,20200914,BNB,0,442.11592894,31.102444999999999,0
171,171,1,20200914,YFI,1,0.32217097,36805.610881000001,0
172,172,1,20200916,BNB,1,442.11592894,27.196296,0
173,173,1,20201012,LTC,0,268.29698308000002,50.615707,0
174,174,1,20201012,XMR,0,107.96840648,125.777919,0
175,175,1,20201013,BTC,0,1.1797450199999999,11548.719759,0
176,176,1,20201014,BCH,0,53.499005629999999,253.63146599999999,0
177,177,1,20201014,LTC,1,268.29698308000002,50.007182,0
178,178,1,20201017,BCH,1,53.499005629999999,250.79401799999999,0
179,179,1,20201017,BTC,1,1.1797450199999999,11322.122686000001,0
180,180,1,20201017,XMR,1,107.96840648,120.286422,0
181,181,1,20201021,BTC,0,1.1300615899999999,11913.077488999999,0
182,182,1,20201025,LTC,0,230.09420807999999,59.095585999999997,0
183,183,1,20201027,LTC,1,230.09420807999999,56.745752000000003,0
184,184,1,20201103,BTC,1,1.1300615899999999,13550.450881999999,0
185,185,1,20201106,BTC,0,0.87251042999999995,15579.729239,0
186,186,1,20201107,ETH,0,29.89134357,454.72255200000001,0
187,187,1,20201107,XEM,0,108527.16744226,0.12524299999999999,0
188,188,1,20201108,BTC,1,0.87251042999999995,14833.754084,0
189,189,1,20201108,ETH,1,29.89134357,435.71880599999997,0
190,190,1,20201108,XEM,1,108527.16744226,0.11732099999999999,0
191,191,1,20201111,YFI,0,0.73569543000000004,18194.498135999998,0
192,192,1,20201112,YFI,1,0.73569543000000004,16769.326653,0
193,193,1,20201114,UNI,0,3423.1771515599999,3.8796590000000002,0
194,194,1,20201117,UNI,1,3423.1771515599999,3.759261,0
195,195,1,20201117,XRP,0,45190.479627679997,0.291796,0
196,196,1,20201118,BTC,0,0.75303816000000001,17645.190473999999,0
197,197,1,20201118,LTC,0,175.18162838999999,75.849858999999995,0
198,198,1,20201118,YFI,0,0.55936699000000001,23754.533232000002,0
199,199,1,20201119,ETC,0,2197.44680887,6.0618270000000001,0
200,200,1,20201122,ADA,0,108246.26445749,0.13294500000000001,0
201,201,1,20201122,DASH,0,153.28290766999999,93.883915999999999,0
202,202,1,20201122,DOT,0,2501.9119052999999,5.7519210000000003,0
203,203,1,20201122,EOS,0,4474.61060094,3.2161010000000001,0
204,204,1,20201122,ETH,0,26.18953578,549.486625,0
205,205,1,20201122,LINK,0,937.14909351999995,15.355934,0
206,206,1,20201122,YFI,1,0.55936699000000001,24250.600743999999,0
207,207,1,20201123,ETC,1,2197.44680887,6.0203769999999999,0
208,208,1,20201123,LINK,1,937.14909351999995,14.444813999999999,0
209,209,1,20201125,BNB,0,481.37943029000002,33.857773999999999,0
210,210,1,20201125,DOT,1,2501.9119052999999,5.7293349999999998,0
211,211,1,20201125,XLM,0,83556.870054419996,0.19505800000000001,0
212,212,1,20201125,ZEC,0,189.13906564999999,86.171706,0
213,213,1,20201126,BNB,1,481.37943029000002,31.317729,0
214,214,1,20201126,DASH,1,153.28290766999999,102.359801,0
215,215,1,20201126,ETH,1,26.18953578,570.51490899999999,0
216,216,1,20201126,LTC,1,175.18162838999999,81.875196000000003,0
217,217,1,20201126,ZEC,1,189.13906564999999,78.408105000000006,0
218,218,1,20201127,ADA,1,108246.26445749,0.138292,0
219,219,1,20201127,BTC,1,0.75303816000000001,17153.913124999999,0
220,220,1,20201127,EOS,1,4474.61060094,2.9425140000000001,0
221,221,1,20201127,XRP,1,45190.479627679997,0.53338300000000005,0
222,222,1,20201202,XLM,1,83556.870054419996,0.184473,0
223,223,1,20201217,BTC,0,0.66125929000000006,21308.351404000001,0
224,224,1,20201217,XMR,0,88.778098310000004,158.71420699999999,0
225,225,1,20201219,LTC,0,129.62738612999999,109.365532,0
226,226,1,20201219,XMR,1,88.778098310000004,154.80766299999999,0
227,227,1,20201221,BCH,0,40.961766740000002,348.31983500000001,0
228,228,1,20201222,BCH,1,40.961766740000002,314.39493700000003,0
229,229,1,20201222,BTC,1,0.66125929000000006,22794.0396,0
230,230,1,20201222,LTC,1,129.62738612999999,104.950577,0
231,231,1,20201227,BTC,0,0.52791394999999997,26439.373288999999,0
232,232,1,20201229,DOT,0,2125.5218621399999,6.5827540000000004,0
233,233,1,20201230,BNB,0,364.73599446999998,38.947347999999998,0
234,234,1,20210101,BNB,1,364.73599446999998,37.374572000000001,0
235,235,1,20210101,UNI,0,2827.9523328,5.1668609999999999,0
236,236,1,20210102,UNI,1,2827.9523328,4.7346029999999999,0
237,237,1,20210104,BNB,0,360.36366103,41.198281999999999,0
238,238,1,20210104,ETH,0,15.194953910000001,977.05881899999997,0
239,239,1,20210104,LTC,0,92.632778119999998,160.27117000000001,0
240,240,1,20210105,ADA,0,65472.662900989999,0.22481699999999999,0
241,241,1,20210105,DOGE,0,1507051.05512562,0.0097669999999999996,0
242,242,1,20210105,ETC,0,2098.2065059400002,7.0152140000000003,0
243,243,1,20210106,UNI,0,2438.2671262200001,6.2839229999999997,0
244,244,1,20210107,XLM,0,48071.24048434,0.34315800000000002,0
245,245,1,20210108,DOT,1,2125.5218621399999,9.6451259999999994,0
246,246,1,20210108,ETC,1,2098.2065059400002,7.2153340000000004,0
247,247,1,20210108,NEO,0,768.89867676999995,20.876338000000001,0
248,248,1,20210109,UNI,1,2438.2671262200001,5.8887299999999998,0
249,249,1,20210110,BCH,0,28.691538390000002,574.37335399999995,0
250,250,1,20210110,BSV,0,57.868944980000002,284.77545500000002,0
251,251,1,20210111,ADA,1,65472.662900989999,0.30499599999999999,0
252,252,1,20210111,BNB,1,360.36366103,42.472622000000001,0
253,253,1,20210111,DASH,0,108.40417033,148.32625999999999,0
254,254,1,20210111,DOGE,1,1507051.05512562,0.0098580000000000004,0
255,255,1,20210111,ETC,0,1808.3077681499999,8.8918409999999994,0
256,256,1,20210111,XLM,1,48071.24048434,0.288331,0
257,257,1,20210111,XMR,0,86.848513220000001,185.140592,0
258,258,1,20210111,ZEC,0,166.53706553999999,96.550189000000003,0
259,259,1,20210112,BCH,1,28.691538390000002,479.27929399999999,0
260,260,1,20210112,BSV,1,57.868944980000002,191.105345,0
261,261,1,20210112,BTC,1,0.52791394999999997,35516.361141000001,0
262,262,1,20210112,DASH,1,108.40417033,124.632091,0
263,263,1,20210112,ETC,1,1808.3077681499999,7.245323,0
264,264,1,20210112,ETH,1,15.194953910000001,1088.5266859999999,0
265,265,1,20210112,LTC,1,92.632778119999998,139.07997900000001,0
266,266,1,20210112,XMR,1,86.848513220000001,158.47025199999999,0
267,267,1,20210113,NEO,1,768.89867676999995,21.955766000000001,0
268,268,1,20210115,DOT,0,953.79787859999999,14.52252,0
269,269,1,20210116,DOT,1,953.79787859999999,13.19805,0
270,270,1,20210116,ZEC,1,166.53706553999999,103.134117,0
271,271,1,20210117,DOT,0,750.02107622000005,18.150341999999998,0
272,272,1,20210117,UNI,0,1614.79468494,8.4302600000000005,0
273,273,1,20210119,NEO,0,502.33145818999998,27.107899,0
274,274,1,20210120,DOT,1,750.02107622000005,16.452497000000001,0
275,275,1,20210122,NEO,1,502.33145818999998,22.078164000000001,0
276,276,1,20210122,UNI,1,1614.79468494,7.5904590000000001,0
277,277,1,20210125,UNI,0,1088.93263093,12.027858,0
278,278,1,20210129,DOGE,0,304901.87367251999,0.043734000000000002,0
279,279,1,20210131,DOGE,1,304901.87367251999,0.028191000000000001,0
280,280,1,20210131,XRP,0,30680.09128113,0.437832,0
281,281,1,20210202,XRP,1,30680.09128113,0.37052000000000002,0
282,282,1,20210204,SUSHI,0,931.93249473000003,14.228204,0
283,283,1,20210205,AAVE,0,28.835970069999998,465.20695899999998,0
284,284,1,20210206,ADA,0,25298.473846230001,0.53775799999999996,0
285,285,1,20210207,SUSHI,1,931.93249473000003,13.824559000000001,0
286,286,1,20210207,UNI,1,1088.93263093,19.282340000000001,0
287,287,1,20210208,DOGE,0,171996.01013544001,0.078352000000000005,0
288,288,1,20210209,ATOM,0,957.19351970000002,14.225199999999999,0
289,289,1,20210209,BTC,0,0.29482021000000003,46184.991465999999,0
290,290,1,20210210,BNB,0,126.29676639,107.708557,0
291,291,1,20210210,BSV,0,60.265764679999997,225.72089700000001,0
292,292,1,20210210,DOGE,1,171996.01013544001,0.070111000000000007,0
293,293,1,20210210,EOS,0,3273.3630437900001,4.1557389999999996,0
294,294,1,20210210,TRX,0,295793.39542616002,0.045989000000000002,0
295,295,1,20210211,BSV,1,60.265764679999997,211.91953000000001,0
296,296,1,20210211,ETC,0,1385.9855660000001,10.392331,0
297,297,1,20210211,NEO,0,429.52804416999999,33.533597999999998,0
298,298,1,20210211,XLM,0,34977.988258860001,0.41179100000000002,0
299,299,1,20210214,AAVE,1,28.835970069999998,494.71378700000002,0
300,300,1,20210214,ZEC,0,99.214703400000005,176.229274,0
301,301,1,20210216,BCH,0,22.942312390000001,712.14099199999998,0
302,302,1,20210216,EOS,1,3273.3630437900001,4.6957800000000001,0
303,303,1,20210216,TRX,1,295793.39542616002,0.050701999999999997,0
304,304,1,20210216,XLM,1,34977.988258860001,0.49344500000000002,0
305,305,1,20210217,DOT,0,548.46860712,30.164308999999999,0
306,306,1,20210217,ETC,1,1385.9855660000001,14.359669,0
307,307,1,20210217,ZEC,1,99.214703400000005,155.33728600000001,0
308,308,1,20210218,XMR,0,63.389875779999997,271.04585900000001,0
309,309,1,20210219,DASH,0,62.003132790000002,282.08410199999997,0
310,310,1,20210220,ATOM,1,957.19351970000002,22.873529999999999,0
311,311,1,20210221,BCH,1,22.942312390000001,681.87000599999999,0
312,312,1,20210221,BNB,1,126.29676639,254.53927999999999,0
313,313,1,20210221,NEO,1,429.52804416999999,44.031269999999999,0
314,314,1,20210221,UNI,0,668.81774536,28.910551000000002,0
315,315,1,20210221,XMR,1,63.389875779999997,255.951401,0
316,316,1,20210223,BTC,1,0.29482021000000003,54204.929755999998,0
317,317,1,20210223,DASH,1,62.003132790000002,272.05794600000002,0
318,318,1,20210224,ADA,1,25298.473846230001,0.95495799999999997,0
319,319,1,20210224,DOT,1,548.46860712,34.330860999999999,0
320,320,1,20210224,UNI,1,668.81774536,24.651879999999998,0
321,321,1,20210228,ADA,0,13686.29138995,1.3236190000000001,0
322,322,1,20210303,ADA,1,13686.29138995,1.225719,0
323,323,1,20210308,UNI,0,524.49683071000004,34.283231999999998,0
324,324,1,20210311,UNI,1,524.49683071000004,30.908435999999998,0
325,325,1,20210313,CHZ,0,24273.827137019998,0.733483,0
326,326,1,20210314,BTC,0,0.28519997000000002,61221.134296999997,0
327,327,1,20210314,LTC,0,77.085390689999997,226.50551100000001,0
328,328,1,20210315,LTC,1,77.085390689999997,215.22728499999999,0
329,329,1,20210316,BTC,1,0.28519997000000002,55840.786513999999,0
330,330,1,20210317,CHZ,1,24273.827137019998,0.52383400000000002,0
331,331,1,20210317,FIL,0,269.03803340000002,63.392567999999997,0
332,332,1,20210322,TRX,0,276816.35162148002,0.063323000000000004,0
333,333,1,20210323,FIL,1,269.03803340000002,76.728134999999995,0
334,334,1,20210323,TRX,1,276816.35162148002,0.059734000000000002,0
335,335,1,20210327,FIL,0,139.02888189000001,124.539469,0
336,336,1,20210401,TRX,0,197091.02371084,0.092563999999999994,0
337,337,1,20210402,EOS,0,3212.2543956599998,5.6260630000000003,0
338,338,1,20210402,NEO,0,341.56569803000002,52.910305999999999,0
339,339,1,20210403,BNB,0,53.716335860000001,338.90917100000001,0
340,340,1,20210403,BSV,0,73.645120919999997,247.19843800000001,0
341,341,1,20210403,ETC,0,1190.8719059,15.287084,0
342,342,1,20210403,ETH,0,8.4954936599999993,2142.8959369999998,0
343,343,1,20210404,BNB,1,53.716335860000001,323.35486300000002,0
344,344,1,20210404,BSV,1,73.645120919999997,220.236153,0
345,345,1,20210404,EOS,1,3212.2543956599998,5.4536660000000001,0
346,346,1,20210404,ETC,1,1190.8719059,13.668491,0
347,347,1,20210404,ETH,1,8.4954936599999993,2027.6713119999999,0
348,348,1,20210404,NEO,1,341.56569803000002,51.256711000000003,0
349,349,1,20210405,DOT,0,407.00000807999999,44.665858999999998,0
350,350,1,20210405,HOT,0,655902.90713750001,0.027716000000000001,0
351,351,1,20210406,FIL,1,139.02888189000001,176.626375,0
352,352,1,20210406,NEO,0,309.56215495999999,59.189506000000002,0
353,353,1,20210406,XLM,0,33989.454191500001,0.53907400000000005,0
354,354,1,20210406,XRP,0,19983.063947729999,0.91691800000000001,0
355,355,1,20210407,BNB,0,44.835839280000002,403.69929000000002,0
356,356,1,20210407,DOT,1,407.00000807999999,43.420709000000002,0
357,357,1,20210407,ETC,0,1014.02564237,17.849841000000001,0
358,358,1,20210407,HOT,1,655902.90713750001,0.022818000000000001,0
359,359,1,20210408,BNB,1,44.835839280000002,376.26901299999997,0
360,360,1,20210408,TRX,1,197091.02371084,0.110677,0
361,361,1,20210408,XLM,1,33989.454191500001,0.47369499999999998,0
362,362,1,20210408,XRP,1,19983.063947729999,0.91905499999999996,0
363,363,1,20210409,QTUM,0,1030.6094248300001,16.771861999999999,0
364,364,1,20210410,BNB,0,37.506560020000002,454.34317900000002,0
365,365,1,20210410,NEO,1,309.56215495999999,60.842607999999998,0
366,366,1,20210411,VET,0,121505.10794088,0.14222000000000001,0
367,367,1,20210411,XRP,0,12594.46066182,1.3720680000000001,0
368,368,1,20210412,QTUM,1,1030.6094248300001,14.984019999999999,0
369,369,1,20210413,ETC,1,1014.02564237,19.523561000000001,0
370,370,1,20210413,VET,1,121505.10794088,0.12887799999999999,0
371,371,1,20210414,DOGE,0,188437.78241129001,0.094256000000000006,0
372,372,1,20210414,XLM,0,27097.143304519999,0.65547100000000003,0
373,373,1,20210415,ADA,0,12574.813171129999,1.4538040000000001,0
374,374,1,20210415,BCH,0,22.38432272,816.70166700000004,0
375,375,1,20210415,ETH,0,7.5045377100000001,2436.0346209999998,0
376,376,1,20210415,NEO,0,264.56190982999999,69.100324000000001,0
377,377,1,20210415,VET,0,108622.08225360001,0.16830200000000001,0
378,378,1,20210416,ETC,0,690.66931115,28.634156000000001,0
379,379,1,20210417,ADA,1,12574.813171129999,1.413843,0
380,380,1,20210417,BNB,1,37.506560020000002,509.58130299999999,0
381,381,1,20210417,BSV,0,56.314185170000002,441.32680499999998,0
382,382,1,20210417,CHZ,0,32215.653799569998,0.77145600000000003,0
383,383,1,20210417,LTC,0,80.285663970000002,309.55662799999999,0
384,384,1,20210417,QTUM,0,1349.36470502,18.418267,0
385,385,1,20210417,XLM,1,27097.143304519999,0.61146800000000001,0
386,386,1,20210417,XRP,1,12594.46066182,1.5530269999999999,0
387,387,1,20210418,BSV,1,56.314185170000002,378.89972499999999,0
388,388,1,20210418,CHZ,1,32215.653799569998,0.62621499999999997,0
389,389,1,20210418,ETH,1,7.5045377100000001,2346.4523479999998,0
390,390,1,20210418,QTUM,1,1349.36470502,17.465541999999999,0
391,391,1,20210419,BCH,1,22.38432272,971.87769900000001,0
392,392,1,20210419,LTC,1,80.285663970000002,273.64513899999997,0
393,393,1,20210420,ETC,1,690.66931115,33.425924000000002,0
394,394,1,20210421,DOGE,1,188437.78241129001,0.31695299999999998,0
395,395,1,20210422,NEO,1,264.56190982999999,97.035261000000006,0
396,396,1,20210422,VET,1,108622.08225360001,0.226101,0
397,397,1,20210502,ETC,0,494.18691197999999,44.672249000000001,0
398,398,1,20210502,ETH,0,7.4948193300000003,2945.5601000000001,0
399,399,1,20210505,DOGE,0,43795.700807560002,0.53735500000000003,0
400,400,1,20210506,BCH,0,17.52277368,1454.490331,0
401,401,1,20210506,DASH,0,64.248054150000002,396.69224600000001,0
402,402,1,20210506,LINK,0,514.39946458999998,49.546523000000001,0
403,403,1,20210506,LTC,0,71.587417819999999,356.02212900000001,0
404,404,1,20210507,EOS,0,2381.6642588,11.473614,0
405,405,1,20210508,BCH,1,17.52277368,1342.436747,0
406,406,1,20210508,DASH,1,64.248054150000002,404.88690700000001,0
407,407,1,20210508,QTUM,0,987.63960216999999,26.715333000000001,0
408,408,1,20210509,DOGE,1,43795.700807560002,0.63582000000000005,0
409,409,1,20210511,EOS,1,2381.6642588,9.2692440000000005,0
410,410,1,20210511,ETC,1,494.18691197999999,105.204953,0
411,411,1,20210511,LINK,1,514.39946458999998,46.315534,0
412,412,1,20210511,LTC,1,71.587417819999999,359.25808699999999,0
413,413,1,20210511,QTUM,1,987.63960216999999,23.543161000000001,0
414,414,1,20210513,ETH,1,7.4948193300000003,3828.918361,0
415,415,1,20210515,MATIC,0,17013.404640590001,1.471554,0
416,416,1,20210520,MATIC,1,17013.404640590001,1.625707,0
417,417,1,20210715,AXS,0,1083.4248616,23.350406,0
418,418,1,20210717,AXS,1,1083.4248616,21.015547999999999,0
419,419,1,20210724,AXS,0,591.95024095999997,42.310053000000003,0
420,420,1,20210728,BTC,0,0.64097296000000004,39503.185694,0
421,421,1,20210729,XRP,0,34501.356999210002,0.73263599999999995,0
422,422,1,20210730,BCH,0,46.878967510000003,538.491805,0
423,423,1,20210730,ETH,0,10.595366350000001,2382.5452540000001,0
424,424,1,20210731,AXS,1,591.95024095999997,43.299585999999998,0
425,425,1,20210731,LINK,0,1145.5199758000001,22.264617000000001,0
426,426,1,20210731,LTC,0,175.10341337,145.654291,0
427,427,1,20210801,DOT,0,1521.8420192000001,16.783761999999999,0
428,428,1,20210801,UNI,0,1174.55097826,21.746382000000001,0
429,429,1,20210801,VET,0,285123.67583038,0.089582999999999996,0
430,430,1,20210802,BCH,1,46.878967510000003,526.87138300000004,0
431,431,1,20210802,BTC,1,0.64097296000000004,39907.262849999999,0
432,432,1,20210802,LTC,1,175.10341337,140.54243,0
433,433,1,20210802,VET,1,285123.67583038,0.086024000000000003,0
434,434,1,20210802,XRP,1,34501.356999210002,0.72414500000000004,0
435,435,1,20210804,DOT,1,1521.8420192000001,17.418771,0
436,436,1,20210804,ETH,1,10.595366350000001,2508.5448339999998,0
437,437,1,20210804,UNI,1,1174.55097826,21.329868999999999,0
438,438,1,20210806,ADA,0,18208.834610229998,1.386193,0
439,439,1,20210806,ETH,0,8.9269417999999998,2827.5034860000001,0
440,440,1,20210806,TRX,0,359793.58375673997,0.070153999999999994,0
441,441,1,20210806,UNI,0,992.24638737999999,25.438196999999999,0
442,442,1,20210807,DOT,0,1245.6630095099999,20.421258999999999,0
443,443,1,20210807,VET,0,263311.59887309,0.096607999999999999,0
444,444,1,20210808,DOGE,0,101003.97517369001,0.26195600000000002,0
445,445,1,20210808,EOS,0,5761.1908400000002,4.5925570000000002,0
446,446,1,20210808,FIL,0,382.06936474999998,69.250769000000005,0
447,447,1,20210809,DOGE,1,101003.97517369001,0.240122,0
448,448,1,20210809,DOT,1,1245.6630095099999,19.661149000000002,0
449,449,1,20210809,EOS,1,5761.1908400000002,4.2953700000000001,0
450,450,1,20210809,LINK,1,1145.5199758000001,23.042397999999999,0
451,451,1,20210809,TRX,1,359793.58375673997,0.071899000000000005,0
452,452,1,20210811,AXS,0,406.43991344,63.949959999999997,0
453,453,1,20210812,BNB,0,68.188463409999997,391.405283,0
454,454,1,20210812,MATIC,0,19440.264159890001,1.372889,0
455,455,1,20210812,TRX,0,319602.01204927999,0.083507999999999999,0
456,456,1,20210812,XRP,0,26358.186919930002,1.0125630000000001,0
457,457,1,20210813,ETH,1,8.9269417999999998,3049.0011629999999,0
458,458,1,20210813,FIL,1,382.06936474999998,68.448418000000004,0
459,459,1,20210813,UNI,1,992.24638737999999,28.112604999999999,0
460,460,1,20210814,DOGE,0,98327.437274149997,0.28680099999999997,0
461,461,1,20210815,EOS,0,5275.9943081600004,5.4879420000000003,0
462,462,1,20210815,XLM,0,73220.776796200007,0.39543899999999998,0
463,463,1,20210817,DOT,0,1167.23849217,24.432088,0
464,464,1,20210817,MATIC,1,19440.264159890001,1.420477,0
465,465,1,20210817,SOL,0,459.11490057999998,62.11533,0
466,466,1,20210817,XLM,1,73220.776796200007,0.37203799999999998,0
467,467,1,20210818,ADA,1,18208.834610229998,1.92448,0
468,468,1,20210818,BNB,1,68.188463409999997,401.88206300000002,0
469,469,1,20210818,DOGE,1,98327.437274149997,0.299203,0
470,470,1,20210818,DOT,1,1167.23849217,23.518677,0
471,471,1,20210818,EOS,1,5275.9943081600004,5.0607889999999998,0
472,472,1,20210818,TRX,1,319602.01204927999,0.085119,0
473,473,1,20210818,VET,1,263311.59887309,0.118169,0
474,474,1,20210818,XRP,1,26358.186919930002,1.0976619999999999,0
475,475,1,20210819,LUNC,0,892.57111335000002,30.730162,0
476,476,1,20210820,DOT,0,1033.5333074,26.551379000000001,0
477,477,1,20210821,ADA,0,11419.11616641,2.457214,0
478,478,1,20210821,BNB,0,61.650525500000001,455.13338099999999,0
479,479,1,20210822,LUNC,1,892.57111335000002,27.56024,0
480,480,1,20210825,AXS,1,406.43991344,69.999225999999993,0
481,481,1,20210825,BNB,1,61.650525500000001,472.20201800000001,0
482,482,1,20210825,DOT,1,1033.5333074,25.100425000000001,0
483,483,1,20210825,SOL,1,459.11490057999998,70.679958999999997,0
484,484,1,20210827,ADA,1,11419.11616641,2.5317720000000001,0
485,485,1,20210828,SOL,0,308.37576532999998,88.000016000000002,0
486,486,1,20210902,ETH,0,7.2803011599999996,3825.027724,0
487,487,1,20210904,LTC,0,136.30316804,212.96483699999999,0
488,488,1,20210905,FIL,0,302.60588942999999,95.010479000000004,0
489,489,1,20210906,TRX,0,282377.57451825001,0.105214,0
490,490,1,20210907,BCH,0,38.196294209999998,784.22678800000006,0
491,491,1,20210908,BCH,1,38.196294209999998,672.53970200000003,0
492,492,1,20210908,ETH,1,7.2803011599999996,3428.378072,0
493,493,1,20210908,FIL,1,302.60588942999999,84.227369999999993,0
494,494,1,20210908,LTC,1,136.30316804,178.07594900000001,0
495,495,1,20210908,TRX,1,282377.57451825001,0.085329000000000002,0
496,496,1,20210913,SOL,1,308.37576532999998,174.41845900000001,0
497,497,1,20211003,OMG,0,1788.1607313300001,15.503793,0
498,498,1,20211006,SHIB,0,1601040375.7532332,1.732e-05,0
499,499,1,20211007,BTC,0,0.52794154999999998,55338.623744999997,0
500,500,1,20211007,OMG,1,1788.1607313300001,14.409744,0
501,501,1,20211014,DOT,0,708.29114120999998,41.674599000000001,0
502,502,1,20211015,SHIB,1,1601040375.7532332,2.7419999999999998e-05,0
503,503,1,20211019,DOT,1,708.29114120999998,41.182977999999999,0
504,504,1,20211021,BNB,0,59.18515704,501.34783199999998,0
505,505,1,20211021,LTC,0,143.11760065999999,207.32844900000001,0
506,506,1,20211022,BNB,1,59.18515704,470.95936999999998,0
507,507,1,20211022,BTC,1,0.52794154999999998,62237.891066999997,0
508,508,1,20211022,LTC,1,143.11760065999999,196.94500600000001,0
509,509,1,20211023,SOL,0,148.47468799000001,196.30046999999999,0
510,510,1,20211024,LINK,0,927.70426368000005,31.439423999999999,0
511,511,1,20211025,LINK,1,927.70426368000005,29.720873000000001,0
512,512,1,20211026,SHIB,0,690261815.06639874,4.2290000000000003e-05,0
513,513,1,20211027,SOL,1,148.47468799000001,199.87448699999999,0
514,514,1,20211029,MATIC,0,14459.122954140001,2.1352609999999999,0
515,515,1,20211031,MANA,0,8445.0929205400007,3.5810949999999999,0
516,516,1,20211031,MATIC,1,14459.122954140001,1.8682669999999999,0
517,517,1,20211031,SHIB,1,690261815.06639874,6.5309999999999996e-05,0
518,518,1,20211103,SAND,0,9810.3662172999993,3.0397660000000002,0
519,519,1,20211104,SOL,0,122.5939661,243.09780499999999,0
520,520,1,20211105,DOT,0,539.17585584000005,53.877751000000004,0
521,521,1,20211105,MANA,1,8445.0929205400007,2.505528,0
522,522,1,20211105,OMG,0,1515.63210497,19.166644999999999,0
523,523,1,20211106,BNB,0,46.671077009999998,608.26346999999998,0
524,524,1,20211106,DOT,1,539.17585584000005,51.865991000000001,0
525,525,1,20211106,OMG,1,1515.63210497,17.218503999999999,0
526,526,1,20211106,SAND,1,9810.3662172999993,2.5587230000000001,0
527,527,1,20211108,SOL,1,122.5939661,249.97926799999999,0
528,528,1,20211110,BCH,0,39.967849469999997,717.28326900000002,0
529,529,1,20211110,LRC,0,9794.2802766299992,2.9270420000000001,0
530,530,1,20211110,LTC,0,109.3547556,262.15841799999998,0
531,531,1,20211111,BCH,1,39.967849469999997,665.57349799999997,0
532,532,1,20211111,BNB,1,46.671077009999998,615.45517600000005,0
533,533,1,20211114,LRC,1,9794.2802766299992,2.6771530000000001,0
534,534,1,20211116,LTC,1,109.3547556,263.30506200000002,0
535,535,1,20211118,SAND,0,7482.4277256699997,3.7604479999999998,0
536,536,1,20211119,MANA,0,7615.3104422799997,3.7489530000000002,0
537,537,1,20211122,AVAX,0,219.51790511999999,128.78258099999999,0
538,538,1,20211122,MANA,1,7615.3104422799997,3.6551179999999999,0
539,539,1,20211124,AVAX,1,219.51790511999999,123.87862699999999,0
540,540,1,20211126,MANA,0,6045.4940254100002,5.1991319999999996,0
541,541,1,20211127,GALA,0,42163.630370170002,0.71113000000000004,0
542,542,1,20211127,MANA,1,6045.4940254100002,4.659389,0
543,543,1,20211127,SAND,1,7482.4277256699997,6.9889190000000001,0
544,544,1,20211201,GALA,1,42163.630370170002,0.62027600000000005,0
545,545,1,20211203,LUNC,0,447.28014163,66.321917999999997,0
546,546,1,20211204,MATIC,0,12956.405181010001,2.2792500000000002,0
547,547,1,20211205,MATIC,1,12956.405181010001,1.9773449999999999,0
548,548,1,20211206,LUNC,1,447.28014163,68.151196999999996,0
549,549,1,20211222,LUNC,0,336.25511620999998,87.300192999999993,0
550,550,1,20211228,LUNC,1,336.25511620999998,90.849928000000006,0
551,551,1,20220105,ATOM,0,701.45392032999996,42.019151000000001,0
552,552,1,20220106,ATOM,1,701.45392032999996,38.786867999999998,0
553,553,1,20220110,LINK,0,1061.15815619,27.56212,0
554,554,1,20220112,LINK,1,1061.15815619,26.688264,0
555,555,1,20220207,SHIB,0,1023702194.449333,2.8479999999999998e-05,0
556,556,1,20220208,XRP,0,35699.57759963,0.82837700000000003,0
557,557,1,20220210,BTC,0,0.67111425999999996,44347.798835000001,0
558,558,1,20220211,BTC,1,0.67111425999999996,43571.130463000001,0
559,559,1,20220211,SHIB,1,1023702194.449333,3.0830000000000001e-05,0
560,560,1,20220212,XRP,1,35699.57759963,0.76024999999999998,0
561,561,1,20220226,LUNC,0,397.75053392000001,73.162126000000001,0
562,562,1,20220305,LUNC,1,397.75053392000001,83.337424999999996,0
563,563,1,20220311,WAVES,0,1077.2567779200001,27.389011,0
564,564,1,20220323,BCH,0,79.800954250000004,376.73785400000003,0
565,565,1,20220323,ETC,0,653.98134216999995,45.970792000000003,0
566,566,1,20220324,ADA,0,26967.312328669999,1.1072040000000001,0
567,567,1,20220325,LTC,0,237.50526246999999,126.58252,0
568,568,1,20220325,TRX,0,458467.62695990002,0.065574999999999994,0
569,569,1,20220325,WAVES,1,1077.2567779200001,31.265097000000001,0
570,570,1,20220326,TRX,1,458467.62695990002,0.064467999999999998,0
571,571,1,20220328,BTC,0,0.64664973999999997,46821.850247000002,0
572,572,1,20220328,ETH,0,9.1963465099999997,3292.3223939999998,0
573,573,1,20220328,TRX,0,437843.81409593002,0.069151000000000004,0
574,574,1,20220329,BCH,1,79.800954250000004,368.00215700000001,0
575,575,1,20220329,WAVES,0,698.97526121999999,43.135984999999998,0
576,576,1,20220330,BNB,0,71.355474749999999,434.42971199999999,0
577,577,1,20220330,SOL,0,277.54379747000002,111.690258,0
578,578,1,20220401,ADA,1,26967.312328669999,1.1419520000000001,0
579,579,1,20220401,BNB,1,71.355474749999999,429.124032,0
580,580,1,20220401,BTC,1,0.64664973999999997,45554.163811999999,0
581,581,1,20220401,ETC,1,653.98134216999995,47.319701999999999,0
582,582,1,20220401,ETH,1,9.1963465099999997,3282.5761680000001,0
583,583,1,20220401,LTC,1,237.50526246999999,123.7317,0
584,584,1,20220401,ZIL,0,175076.01156141999,0.17760400000000001,0
585,585,1,20220402,FTM,0,19785.28723835,1.585998,0
586,586,1,20220403,FTM,1,19785.28723835,1.535698,0
587,587,1,20220403,WAVES,1,698.97526121999999,48.765320000000003,0
588,588,1,20220404,ZIL,1,175076.01156141999,0.153416,0
589,589,1,20220405,TRX,1,437843.81409593002,0.070809999999999998,0
590,590,1,20220406,DOGE,0,174807.74830306001,0.172485,0
591,591,1,20220406,SOL,1,277.54379747000002,126.857957,0
592,592,1,20220407,DOGE,1,174807.74830306001,0.143432,0
593,593,1,20220419,GMT,0,9277.76100873,3.195138,0
594,594,1,20220421,APE,0,1774.61089924,16.790711999999999,0
595,595,1,20220422,APE,1,1774.61089924,14.316140000000001,0
596,596,1,20220422,GMT,1,9277.76100873,3.1272340000000001,0
597,597,1,20220429,APE,0,1231.9526773800001,23.654793999999999,0
598,598,1,20220430,APE,1,1231.9526773800001,19.166965999999999,0
599,599,1,20220505,TRX,0,331447.90536471002,0.086253999999999997,0
600,600,1,20220506,TRX,1,331447.90536471002,0.074579999999999994,0
601,601,1,20220718,ETC,0,1469.2015019800001,19.195308000000001,0
602,602,1,20220718,MATIC,0,37444.699976099997,0.75315799999999999,0
603,603,1,20220719,APE,0,4992.1207502300003,5.9889299999999999,0
604,604,1,20220719,ETH,0,18.941818779999998,1578.383896,0
605,605,1,20220720,BCH,0,231.48837359000001,128.451063,0
606,606,1,20220721,BCH,1,231.48837359000001,121.81650500000001,0
607,607,1,20220721,MATIC,1,37444.699976099997,0.83280500000000002,0
608,608,1,20220723,ETH,1,18.941818779999998,1536.457394,0
609,609,1,20220725,APE,1,4992.1207502300003,6.4545170000000001,0
610,610,1,20220726,ETC,1,1469.2015019800001,23.393260999999999,0
611,611,1,20220728,ETC,0,888.79574662000005,32.759160999999999,0
612,612,1,20220801,ETC,1,888.79574662000005,36.458444,0
613,613,1,20220806,BNB,0,93.417753399999995,315.196979,0
614,614,1,20220811,LINK,0,3265.0009619699999,9.0563520000000004,0
615,615,1,20220814,BNB,1,93.417753399999995,323.97408999999999,0
616,616,1,20220815,DOGE,0,360291.27243488998,0.081698000000000007,0
617,617,1,20220815,LINK,1,3265.0009619699999,8.7751110000000008,0
618,618,1,20220815,SHIB,0,1741720495.5849707,1.6900000000000001e-05,0
619,619,1,20220816,DOGE,1,360291.27243488998,0.076694999999999999,0
620,620,1,20220816,SHIB,1,1741720495.5849707,1.5270000000000001e-05,0
621,621,1,20220906,LUNC,0,71888357.519930527,0.00040299999999999998,0
622,622,1,20220910,ATOM,0,1812.9996558,16.094588999999999,0
623,623,1,20220910,LUNA,0,5689.1231746800004,5.1289949999999997,0
624,624,1,20220910,LUNC,1,71888357.519930527,0.00043100000000000001,0
625,625,1,20220913,LUNA,1,5689.1231746800004,3.9883700000000002,0
626,626,1,20220914,ATOM,1,1812.9996558,13.909001,0
627,627,1,20220924,XRP,0,55455.703549489997,0.50719999999999998,0
628,628,1,20220927,XRP,1,55455.703549489997,0.46776400000000001,0
629,629,1,20221027,DOGE,0,383362.92707023001,0.072799000000000003,0
630,630,1,20221027,ETH,0,17.81191003,1566.8413820000001,0
631,631,1,20221030,BNB,0,98.193995810000004,304.22991200000001,0
632,632,1,20221030,SHIB,0,2313985337.4947329,1.291e-05,0
633,633,1,20221031,SHIB,1,2313985337.4947329,1.1909999999999999e-05,0
634,634,1,20221101,AVAX,0,1552.67432723,19.310987000000001,0
635,635,1,20221101,ETH,1,17.81191003,1572.6453610000001,0
636,636,1,20221102,AVAX,1,1552.67432723,18.661339000000002,0
637,637,1,20221104,DOGE,1,383362.92707023001,0.122555,0
638,638,1,20221104,LTC,0,480.39638746999998,61.918981000000002,0
639,639,1,20221105,CHZ,0,118227.1915229,0.25594299999999998,0
640,640,1,20221105,MATIC,0,25878.745652180001,1.1692769999999999,0
641,641,1,20221107,BNB,1,98.193995810000004,338.89715799999999,0
642,642,1,20221109,CHZ,1,118227.1915229,0.212094,0
643,643,1,20221109,LTC,1,480.39638746999998,57.444445000000002,0
644,644,1,20221109,MATIC,1,25878.745652180001,1.0446029999999999,0
645,645,1,20221124,LTC,0,364.28726797000002,78.999110000000002,0
646,646,1,20221126,LTC,1,364.28726797000002,74.021462999999997,0
647,647,1,20221210,EOS,0,27719.496782409999,1.031658,0
648,648,1,20221212,EOS,1,27719.496782409999,1.003603,0
649,649,1,20230104,ATOM,0,2806.7474237199999,10.160969,0
650,650,1,20230105,APE,0,7043.1787914500001,4.0506950000000002,0
651,651,1,20230105,ETC,0,1487.01789072,19.185894999999999,0
652,652,1,20230106,ETC,1,1487.01789072,18.215510999999999,0
653,653,1,20230109,ADA,0,97339.834562529999,0.29541400000000001,0
654,654,1,20230109,BNB,0,104.77807636,274.44243,0
655,655,1,20230110,ETH,0,22.125960240000001,1321.39545,0
656,656,1,20230110,FIL,0,7716.7290961199997,3.7888000000000002,0
657,657,1,20230110,GALA,0,717176.71644700004,0.040766999999999998,0
658,658,1,20230110,LTC,0,357.72353720000001,81.731114000000005,0
659,659,1,20230110,SAND,0,56562.803033080003,0.51689700000000005,0
660,660,1,20230110,SOL,0,1794.10835542,16.296196999999999,0
661,661,1,20230117,APE,1,7043.1787914500001,4.9686820000000003,0
662,662,1,20230117,MANA,0,49376.26899869,0.69860599999999995,0
663,663,1,20230118,ATOM,1,2806.7474237199999,12.176448000000001,0
664,664,1,20230118,BTC,0,1.6323912700000001,21161.050899999998,0
665,665,1,20230119,ADA,1,97339.834562529999,0.32684099999999999,0
666,666,1,20230119,BNB,1,104.77807636,286.88548700000001,0
667,667,1,20230119,ETH,1,22.125960240000001,1515.249609,0
668,668,1,20230119,FIL,1,7716.7290961199997,4.2616269999999998,0
669,669,1,20230119,GALA,1,717176.71644700004,0.044637000000000003,0
670,670,1,20230119,LTC,1,357.72353720000001,82.767292999999995,0
671,671,1,20230119,SHIB,0,2917038314.0299287,1.116e-05,0
672,672,1,20230119,SOL,1,1794.10835542,20.850828,0
673,673,1,20230121,APT,0,3112.2697073200002,10.961202,0
674,674,1,20230121,ETH,0,20.554372600000001,1659.706068,0
675,675,1,20230124,DOT,0,5275.1131889300004,6.5749019999999998,0
676,676,1,20230125,DOT,1,5275.1131889300004,6.1878399999999996,0
677,677,1,20230125,ETH,1,20.554372600000001,1556.807448,0
678,678,1,20230125,MANA,1,49376.26899869,0.66175200000000001,0
679,679,1,20230125,SAND,1,56562.803033080003,0.72834600000000005,0
680,680,1,20230125,SHIB,1,2917038314.0299287,1.119e-05,0
681,681,1,20230128,AVAX,0,1646.02581304,21.251615000000001,0
682,682,1,20230131,AVAX,1,1646.02581304,19.737555,0
683,683,1,20230131,BTC,1,1.6323912700000001,22840.796091,0
684,684,1,20230201,APT,1,3112.2697073200002,16.742459,0
685,685,1,20230202,FTM,0,59662.578545199998,0.57624799999999998,0
686,686,1,20230204,OP,0,11213.222341520001,3.0967760000000002,0
687,687,1,20230205,SHIB,0,2348202713.8987746,1.469e-05,0
688,688,1,20230206,FTM,1,59662.578545199998,0.56867500000000004,0
689,689,1,20230206,OP,1,11213.222341520001,2.9373520000000002,0
690,690,1,20230209,SHIB,1,2348202713.8987746,1.375e-05,0
691,691,1,20230218,FIL,0,4425.2474496599998,7.6686699999999997,0
692,692,1,20230218,MATIC,0,22244.513302700001,1.525579,0
693,693,1,20230222,MATIC,1,22244.513302700001,1.385113,0
694,694,1,20230224,FIL,1,4425.2474496599998,7.8609689999999999,0
695,695,1,20230317,BNB,0,102.18186414,329.886325,0
696,696,1,20230318,BTC,0,1.2314999099999999,27448.117269999999,0
697,697,1,20230320,CFX,0,74079.667595730003,0.45698899999999998,0
698,698,1,20230321,BNB,1,102.18186414,333.01579600000002,0
699,699,1,20230321,CFX,1,74079.667595730003,0.399478,0
700,700,1,20230322,XRP,0,71125.056226479996,0.46965099999999999,0
701,701,1,20230323,BTC,1,1.2314999099999999,27301.957493999998,0
702,702,1,20230323,XRP,1,71125.056226479996,0.42245100000000002,0
703,703,1,20230330,XRP,0,60626.27765507,0.54366899999999996,0
704,704,1,20230402,XRP,1,60626.27765507,0.509961,0
705,705,1,20230404,SXP,0,36169.273694050004,0.90563800000000005,0
706,706,1,20230406,SXP,1,36169.273694050004,0.732603,0
707,707,1,20230412,BTC,0,1.0628095500000001,30231.581622999998,0
708,708,1,20230413,SOL,0,1348.98739232,23.810881999999999,0
709,709,1,20230414,ADA,0,75707.570327819994,0.42574400000000001,0
710,710,1,20230415,AVAX,0,1682.36738818,19.248149000000002,0
711,711,1,20230415,ETH,0,15.40835815,2101.6163980000001,0
712,712,1,20230417,BNB,0,94.016536410000001,348.17575299999999,0
713,713,1,20230417,LINK,0,4023.0895356400001,8.1366019999999999,0
714,714,1,20230418,ADA,1,75707.570327819994,0.434195,0
715,715,1,20230418,BNB,1,94.016536410000001,340.04476499999998,0
716,716,1,20230418,BTC,1,1.0628095500000001,29449.091704999999,0
717,717,1,20230418,SOL,1,1348.98739232,24.564685999999998,0
718,718,1,20230420,AVAX,1,1682.36738818,18.990334000000001,0
719,719,1,20230420,ETH,1,15.40835815,1936.4179079999999,0
720,720,1,20230420,LINK,1,4023.0895356400001,7.7689719999999998,0
721,721,1,20230506,TRX,0,446328.38450757001,0.071002999999999997,0
722,722,1,20230508,TRX,1,446328.38450757001,0.069336999999999996,0
723,723,1,20230522,TRX,0,420871.60682540998,0.075120999999999993,0
724,724,1,20230524,RENDER,0,11676.87320935,2.7197100000000001,0
725,725,1,20230527,TRX,1,420871.60682540998,0.075483999999999996,0
726,726,1,20230528,RENDER,1,11676.87320935,2.6422029999999999,0
727,727,1,20230531,XRP,0,60435.661722129997,0.521895,0
728,728,1,20230602,XRP,1,60435.661722129997,0.50730399999999998,0
729,729,1,20230622,BTC,0,1.04857165,29995.935766999999,0
730,730,1,20230623,PEPE,0,20418257320.600002,1.5400000000000001e-06,0
731,731,1,20230624,BCH,0,174.67417330999999,181.771806,0
732,732,1,20230625,ETC,0,1660.04455459,19.330456999999999,0
733,733,1,20230626,ETC,1,1660.04455459,18.363005999999999,0
734,734,1,20230627,PEPE,1,20418257320.600002,1.5e-06,0
735,735,1,20230629,BTC,1,1.04857165,30086.186717,0
736,736,1,20230701,LTC,0,308.43011546999998,108.201746,0
737,737,1,20230704,FIL,0,6980.21749095,4.7347349999999997,0
738,738,1,20230704,LTC,1,308.43011546999998,106.95414700000001,0
739,739,1,20230705,BCH,1,174.67417330999999,272.49115,0
740,740,1,20230705,FIL,1,6980.21749095,4.5472089999999996,0
741,741,1,20230709,TRX,0,407702.13697266998,0.080046999999999993,0
742,742,1,20230710,TRX,1,407702.13697266998,0.077535000000000007,0
743,743,1,20230714,ADA,0,91004.988129410005,0.357485,0
744,744,1,20230714,LINK,0,4587.5804032699998,7.09152,0
745,745,1,20230714,MATIC,0,38282.443527509997,0.84981300000000004,0
746,746,1,20230714,XRP,0,39859.149422800001,0.81619699999999995,0
747,747,1,20230715,ADA,1,91004.988129410005,0.32878000000000002,0
748,748,1,20230715,MATIC,1,38282.443527509997,0.809504,0
749,749,1,20230717,LINK,1,4587.5804032699998,6.6160439999999996,0
750,750,1,20230718,ARB,0,24261.320457530001,1.30217,0
751,751,1,20230719,ARB,1,24261.320457530001,1.2438340000000001,0
752,752,1,20230721,LINK,0,3796.3743138200002,8.3420310000000004,0
753,753,1,20230722,XRP,1,39859.149422800001,0.77244699999999999,0
754,754,1,20230723,LINK,1,3796.3743138200002,7.8706459999999998,0
755,755,1,20230726,DOGE,0,383677.37981310999,0.081850999999999993,0
756,756,1,20230727,DOGE,1,383677.37981310999,0.077964000000000006,0
757,757,1,20230806,SHIB,0,3134928968.6609836,9.9699999999999994e-06,0
758,758,1,20230807,SHIB,1,3134928968.6609836,9.38e-06,0
759,759,1,20230808,OP,0,17293.423386930001,1.7966530000000001,0
760,760,1,20230809,OP,1,17293.423386930001,1.6814800000000001,0
761,761,1,20230915,TRX,0,368839.24900504999,0.083697999999999995,0
762,762,1,20230922,TRX,1,368839.24900504999,0.083071000000000006,0
763,763,1,20230929,BCH,0,128.99441881999999,239.14198400000001,0
764,764,1,20230929,TRX,0,355612.72268821002,0.086746000000000004,0
765,765,1,20231001,LINK,0,3771.5807557100002,8.1809460000000005,0
766,766,1,20231002,ADA,0,116427.77932098,0.26588800000000001,0
767,767,1,20231002,ARB,0,31921.710783359998,0.96977100000000005,0
768,768,1,20231002,BTC,0,1.1065150500000001,27976.799152,0
769,769,1,20231002,ETH,0,17.863263190000001,1732.984005,0
770,770,1,20231003,ADA,1,116427.77932098,0.25948599999999999,0
771,771,1,20231003,ARB,1,31921.710783359998,0.93132700000000002,0
772,772,1,20231003,BTC,1,1.1065150500000001,27508.251819000001,0
773,773,1,20231003,ETH,1,17.863263190000001,1662.8872060000001,0
774,774,1,20231003,LINK,1,3771.5807557100002,7.4709729999999999,0
775,775,1,20231003,TRX,1,355612.72268821002,0.087557999999999997,0
776,776,1,20231004,BCH,1,128.99441881999999,230.091802,0
777,777,1,20231007,AVAX,0,2826.4739484199999,10.655688,0
778,778,1,20231008,AVAX,1,2826.4739484199999,10.36265,0
779,779,1,20231014,HOT,0,25197313.84835403,0.0011919999999999999,0
780,780,1,20231015,HOT,1,25197313.84835403,0.0011150000000000001,0
781,781,1,20231021,BSV,0,543.83917412000005,54.87133,0
782,782,1,20231021,BTC,0,1.0053160000000001,29683.381817000001,0
783,783,1,20231022,LINK,0,3356.0519383999999,8.9046450000000004,0
784,784,1,20231023,AAVE,0,379.57212163999998,79.198341999999997,0
785,785,1,20231023,APT,0,4903.2140408100004,6.1309750000000003,0
786,786,1,20231023,MATIC,0,48614.935181499997,0.61835899999999999,0
787,787,1,20231024,ADA,0,110869.16206315999,0.27998800000000001,0
788,788,1,20231024,BCH,0,119.11530750999999,260.604918,0
789,789,1,20231024,DOGE,0,462547.64416773,0.067111000000000004,0
790,790,1,20231024,ETH,0,17.577450850000002,1766.014606,0
791,791,1,20231025,BCH,1,119.11530750999999,251.67648700000001,0
792,792,1,20231025,BSV,1,543.83917412000005,51.422193999999998,0
793,793,1,20231025,RUNE,0,13944.73919464,2.2035290000000001,0
794,794,1,20231025,XRP,0,55006.332055500003,0.55862000000000001,0
795,795,1,20231027,AAVE,1,379.57212163999998,80.80462,0
796,796,1,20231027,PEPE,0,24483865421.732559,1.2899999999999999e-06,0
797,797,1,20231028,DOGE,1,462547.64416773,0.067881999999999998,0
798,798,1,20231028,MATIC,1,48614.935181499997,0.60972800000000005,0
799,799,1,20231028,XRP,1,55006.332055500003,0.54571499999999995,0
800,800,1,20231029,PEPE,1,24483865421.732559,1.1400000000000001e-06,0
801,801,1,20231031,TRX,0,333521.03681820998,0.095613000000000004,0
802,802,1,20231031,XRP,0,55082.751038640003,0.578928,0
803,803,1,20231101,ADA,1,110869.16206315999,0.293126,0
804,804,1,20231102,ARB,0,31622.092636000001,1.037029,0
805,805,1,20231102,AVAX,0,2685.4412732599999,12.211411,0
806,806,1,20231102,ETC,0,1844.3662317999999,17.780106,0
807,807,1,20231103,ADA,0,98002.598294290001,0.32314799999999999,0
808,808,1,20231103,APT,1,4903.2140408100004,6.6779659999999996,0
809,809,1,20231103,ARB,1,31622.092636000001,0.99090999999999996,0
810,810,1,20231103,ETC,1,1844.3662317999999,17.299396999999999,0
811,811,1,20231103,ETH,1,17.577450850000002,1800.9165399999999,0
812,812,1,20231103,LINK,1,3356.0519383999999,11.004994,0
813,813,1,20231104,TRX,1,333521.03681820998,0.097320000000000004,0
814,814,1,20231105,BNB,0,137.52094735,237.44223600000001,0
815,815,1,20231107,DOGE,0,447750.67969507002,0.076388999999999999,0
816,816,1,20231107,LINK,0,2629.8710147800002,13.005667000000001,0
817,817,1,20231107,LTC,0,459.19573159999999,74.485071000000005,0
818,818,1,20231107,MATIC,0,46506.655360030003,0.73544799999999999,0
819,819,1,20231108,BNB,1,137.52094735,246.39012500000001,0
820,820,1,20231108,DOGE,1,447750.67969507002,0.073516999999999999,0
821,821,1,20231109,DOT,0,6770.7483190399998,5.0524259999999996,0
822,822,1,20231109,RUNE,1,13944.73919464,3.3397890000000001,0
823,823,1,20231110,ETC,0,1676.12790688,20.622848999999999,0
824,824,1,20231110,ETH,0,16.296763160000001,2121.0673790000001,0
825,825,1,20231110,RUNE,0,8782.9419348699994,3.9356439999999999,0
826,826,1,20231110,XRP,1,55082.751038640003,0.66760299999999995,0
827,827,1,20231111,LTC,1,459.19573159999999,73.300338999999994,0
828,828,1,20231111,TRX,0,335233.34479354002,0.106235,0
829,829,1,20231112,MATIC,1,46506.655360030003,0.80294100000000002,0
830,830,1,20231112,SHIB,0,4057265342.5561066,9.0899999999999994e-06,0
831,831,1,20231114,ADA,1,98002.598294290001,0.35831499999999999,0
832,832,1,20231114,AVAX,1,2685.4412732599999,16.218247000000002,0
833,833,1,20231114,BTC,1,1.0053160000000001,36491.787578000003,0
834,834,1,20231114,DOT,1,6770.7483190399998,5.3677830000000002,0
835,835,1,20231114,LINK,1,2629.8710147800002,14.405027,0
836,836,1,20231114,SHIB,1,4057265342.5561066,8.5299999999999996e-06,0
837,837,1,20231115,ETC,1,1676.12790688,19.080302,0
838,838,1,20231115,ETH,1,16.296763160000001,1979.4726459999999,0
839,839,1,20231115,TRX,1,335233.34479354002,0.10227799999999999,0
840,840,1,20231116,ORDI,0,1464.3484450000001,24.737563000000002,0
841,841,1,20231117,AVAX,0,1653.2370894999999,21.766766000000001,0
842,842,1,20231119,RUNE,1,8782.9419348699994,5.7745620000000004,0
843,843,1,20231120,ORDI,1,1464.3484450000001,23.277833000000001,0
844,844,1,20231121,AVAX,1,1653.2370894999999,20.861115000000002,0
845,845,1,20231203,ORDI,0,1110.9472615300001,32.028706999999997,0
846,846,1,20231203,RUNE,0,5017.1485230799999,7.092117,0
847,847,1,20231203,TIA,0,4004.2971315099999,8.8860050000000008,0
848,849,1,20231205,BTC,0,0.89665992999999999,41986.264346999997,0
849,848,1,20231205,BTCB,0,0.89623920000000001,42005.974366000002,0
850,850,1,20231205,DOGE,0,409562.56906866003,0.091921000000000003,0
851,851,1,20231205,ETH,0,16.78370387,2243.092537,0
852,852,1,20231205,LUNA,0,30318.800976840001,1.2417180000000001,0
853,853,1,20231205,RUNE,1,5017.1485230799999,6.6978039999999996,0
854,854,1,20231206,AVAX,0,1610.73357829,24.482793000000001,0
855,855,1,20231206,SHIB,0,4155453822.4895678,9.4900000000000006e-06,0
856,856,1,20231207,ADA,0,86464.208813830002,0.44245800000000002,0
857,857,1,20231207,DOT,0,6329.2473060100001,6.0444440000000004,0
858,858,1,20231207,ETH,1,16.78370387,2233.2176549999999,0
859,859,1,20231207,LUNA,1,30318.800976840001,1.0363230000000001,0
860,860,1,20231208,ORDI,1,1110.9472615300001,50.654124000000003,0
861,861,1,20231209,MATIC,0,44617.211400079999,0.90642500000000004,0
862,862,1,20231209,TIA,1,4004.2971315099999,9.2884989999999998,0
863,863,1,20231209,XRP,0,60080.661629490001,0.67313100000000003,0
864,864,1,20231210,XRP,1,60080.661629490001,0.65885800000000005,0
865,866,1,20231212,BTC,1,0.89665992999999999,41238.733390000001,0
866,865,1,20231212,BTCB,1,0.89623920000000001,41297.544049999997,0
867,867,1,20231212,DOGE,1,409562.56906866003,0.094381999999999994,0
868,868,1,20231212,DOT,1,6329.2473060100001,6.7063940000000004,0
869,869,1,20231212,MATIC,1,44617.211400079999,0.84182699999999999,0
870,870,1,20231212,SHIB,1,4155453822.4895678,9.5200000000000003e-06,0
871,871,1,20231213,BNB,0,158.20088217,254.403954,0
872,872,1,20231213,TIA,0,3328.55803492,12.091400999999999,0
873,873,1,20231216,ADA,1,86464.208813830002,0.60126999999999997,0
874,874,1,20231216,BNB,1,158.20088217,244.89641599999999,0
875,875,1,20231220,TIA,1,3328.55803492,11.733995999999999,0
876,876,1,20231221,SEI,0,106960.34869019,0.384799,0
877,877,1,20231222,BNB,0,152.90685954,271.27652699999999,0
878,878,1,20231222,SOL,0,441.96236901999998,93.854239000000007,0
879,879,1,20231223,ARB,0,29000.494641599998,1.425802,0
880,880,1,20231223,OP,0,11843.795259889999,3.4911919999999999,0
881,881,1,20231223,SEI,1,106960.34869019,0.35551899999999997,0
882,882,1,20231225,ARB,1,29000.494641599998,1.3572310000000001,0
883,883,1,20231225,BNB,1,152.90685954,264.73528399999998,0
884,884,1,20231225,NEAR,0,11063.93050034,3.8111510000000002,0
885,885,1,20231226,ORDI,0,570.85099330000003,75.155799999999999,0
886,886,1,20231227,AVAX,1,1610.73357829,44.426543000000002,0
887,887,1,20231227,BNB,0,139.96482922000001,297.748332,0
888,888,1,20231227,ORDI,1,570.85099330000003,68.195271000000005,0
889,889,1,20231227,SEI,0,83053.748076720003,0.50177499999999997,0
890,890,1,20231228,MATIC,0,40004.420866560002,1.0394319999999999,0
891,891,1,20231228,SEI,1,83053.748076720003,0.43914300000000001,0
892,892,1,20231228,SOL,1,441.96236901999998,106.91963699999999,0
893,893,1,20231229,MATIC,1,40004.420866560002,1.0034369999999999,0
894,894,1,20231229,NEAR,1,11063.93050034,3.7715930000000002,0
895,895,1,20231229,OP,1,11843.795259889999,3.5903299999999998,0
896,896,1,20231231,SEI,0,68330.149578840006,0.59371499999999999,0
897,897,1,20240102,ARB,0,23815.45710363,1.735242,0
898,898,1,20240102,FIL,0,5433.9586295700001,7.6050599999999999,0
899,899,1,20240103,BNB,1,139.96482922000001,312.15160700000001,0
900,900,1,20240104,FIL,1,5433.9586295700001,6.2908809999999997,0
901,901,1,20240106,SEI,1,68330.149578840006,0.71817299999999995,0
902,902,1,20240107,ARB,1,23815.45710363,1.748726,0
903,903,1,20240112,ARB,0,17962.435868479999,2.263995,0
904,904,1,20240112,ETC,0,1376.5710729800001,29.542147,0
905,905,1,20240112,ETH,0,15.526581630000001,2619.1769669999999,0
906,906,1,20240113,ETH,1,15.526581630000001,2522.933806,0
907,907,1,20240115,ARB,1,17962.435868479999,2.0293890000000001,0
908,908,1,20240115,ETC,1,1376.5710729800001,26.452538000000001,0
909,909,1,20240116,SUI,0,28917.761981989999,1.3718459999999999,0
910,910,1,20240117,SUI,1,28917.761981989999,1.270861,0
911,911,1,20240203,LINK,0,2213.4104469200001,17.790956999999999,0
912,912,1,20240207,LINK,1,2213.4104469200001,18.297543000000001,0
913,913,1,20240207,TRX,0,326606.09189525997,0.12091300000000001,0
914,915,1,20240210,BTC,0,0.83947748,47153.528424999997,0
915,914,1,20240210,BTCB,0,0.83798985000000004,47237.237458000003,0
916,916,1,20240212,BCH,0,143.76092997999999,276.68497100000002,0
917,917,1,20240212,ETH,0,15.862507280000001,2507.5789110000001,0
918,918,1,20240213,ORDI,0,568.93673650999995,70.993944999999997,0
919,919,1,20240214,BCH,1,143.76092997999999,270.773911,0
920,920,1,20240214,ORDI,1,568.93673650999995,68.439841999999999,0
921,921,1,20240215,SEI,0,46346.114351579999,0.87928600000000001,0
922,922,1,20240215,SOL,0,348.39741426000001,116.96840400000001,0
923,923,1,20240216,BNB,0,115.63625700999999,354.68757199999999,0
924,924,1,20240216,SOL,1,348.39741426000001,113.664843,0
925,925,1,20240219,BNB,1,115.63625700999999,349.67827199999999,0
926,926,1,20240220,ADA,0,65416.607962870003,0.63105999999999995,0
927,927,1,20240220,DOT,0,5141.5937273600002,8.0289900000000003,0
928,928,1,20240221,DOT,1,5141.5937273600002,7.7329509999999999,0
929,929,1,20240221,MATIC,0,40346.085608529997,1.0259769999999999,0
930,930,1,20240222,ADA,1,65416.607962870003,0.59848000000000001,0
931,931,1,20240222,BNB,0,107.01391851,378.71396499999997,0
932,932,1,20240222,MATIC,1,40346.085608529997,0.95086099999999996,0
933,933,1,20240222,SEI,1,46346.114351579999,0.876552,0
934,934,1,20240222,WLD,0,5719.9678590900003,7.0852959999999996,0
935,936,1,20240223,BTC,1,0.83947748,51283.904574,0
936,935,1,20240223,BTCB,1,0.83798985000000004,51366.356908000002,0
937,937,1,20240223,FIL,0,5098.7125652300001,8.0562830000000005,0
938,938,1,20240224,ETH,1,15.862507280000001,2921.9629839999998,0
939,939,1,20240226,ETH,0,13.260914720000001,3112.5290209999998,0
940,941,1,20240227,BTC,0,0.75728103999999996,54519.362067000002,0
941,940,1,20240227,BTCB,0,0.75666246000000004,54563.932296999999,0
942,942,1,20240228,DOGE,0,420192.63972948998,0.097672999999999996,0
943,943,1,20240228,FIL,1,5098.7125652300001,7.6598199999999999,0
944,944,1,20240228,WLD,1,5719.9678590900003,7.1664839999999996,0
945,945,1,20240229,BCH,0,145.08067897000001,296.78470800000002,0
946,946,1,20240301,BNB,1,107.01391851,399.67241200000001,0
947,947,1,20240301,LTC,0,533.59605426999997,79.917293999999998,0
948,948,1,20240301,TRX,1,326606.09189525997,0.14058200000000001,0
949,949,1,20240302,ADA,0,61770.08553715,0.71903399999999995,0
950,950,1,20240302,PEPE,0,11131526737.874689,3.9899999999999999e-06,0
951,951,1,20240302,SHIB,0,2632767734.6840549,1.6869999999999999e-05,0
952,952,1,20240302,SOL,0,341.53413332999997,130.04495700000001,0
953,953,1,20240306,ADA,1,61770.08553715,0.69348900000000002,0
954,954,1,20240306,BCH,1,145.08067897000001,401.49484000000001,0
955,956,1,20240306,BTC,1,0.75728103999999996,63776.051425999998,0
956,955,1,20240306,BTCB,1,0.75666246000000004,63964.612112000003,0
957,957,1,20240306,DOGE,1,420192.63972948998,0.15392500000000001,0
958,958,1,20240306,LTC,1,533.59605426999997,82.039034999999998,0
959,959,1,20240306,SOL,1,341.53413332999997,125.679311,0
960,960,1,20240309,BNB,0,116.80419095000001,488.09271799999999,0
961,961,1,20240310,WLD,0,4851.0437971800002,11.692446,0
962,962,1,20240311,FLOKI,0,202607740.29014653,0.00027300000000000002,0
963,963,1,20240311,WLD,1,4851.0437971800002,9.5627049999999993,0
964,965,1,20240312,BTC,0,0.78704452000000003,72125.121627,0
965,964,1,20240312,BTCB,0,0.78589556999999999,72230.566474000007,0
966,966,1,20240312,SOL,0,381.68059490000002,148.725618,0
967,967,1,20240313,AVAX,0,988.95256541000003,55.591368000000003,0
968,968,1,20240313,PEPE,1,11131526737.874689,8.2800000000000003e-06,0
969,969,1,20240313,SHIB,1,2632767734.6840549,3.2209999999999998e-05,0
970,970,1,20240314,NEAR,0,7323.1282219699997,7.7552490000000001,0
971,972,1,20240315,BTC,1,0.78704452000000003,71387.873202999996,0
972,971,1,20240315,BTCB,1,0.78589556999999999,71444.825043999997,0
973,973,1,20240315,ETH,1,13.260914720000001,3882.8568190000001,0
974,974,1,20240316,NEAR,1,7323.1282219699997,7.4773899999999998,0
975,975,1,20240317,AVAX,1,988.95256541000003,53.498491000000001,0
976,976,1,20240317,BNB,1,116.80419095000001,576.77518599999996,0
977,977,1,20240317,FLOKI,1,202607740.29014653,0.000214,0
978,978,1,20240320,SOL,1,381.68059490000002,169.975469,0
979,979,1,20240329,BCH,0,95.74280813,569.15696700000001,0
980,980,1,20240329,DOGE,0,247630.99525211001,0.220056,0
981,981,1,20240331,DOGE,1,247630.99525211001,0.19941300000000001,0
982,982,1,20240401,WIF,0,11997.40937648,4.588222,0
983,983,1,20240402,WIF,1,11997.40937648,4.2297989999999999,0
984,984,1,20240404,BCH,1,95.74280813,594.55857700000001,0
985,985,1,20240514,PEPE,0,5428323817.2399597,9.91e-06,0
986,986,1,20240514,TON,0,7661.8245273000002,7.0211329999999998,0
987,987,1,20240517,PEPE,1,5428323817.2399597,1.004e-05,0
988,988,1,20240517,TON,1,7661.8245273000002,6.7713380000000001,0
989,989,1,20240521,ETH,0,14.652935490000001,3663.0113270000002,0
990,990,1,20240521,LINK,0,3106.4912417199998,17.277971999999998,0
991,991,1,20240521,SOL,0,287.95237241000001,186.398425,0
992,992,1,20240522,BONK,0,1623385397.3620408,3.2929999999999998e-05,0
993,993,1,20240522,PEPE,0,3865371014.8323936,1.383e-05,0
994,994,1,20240522,SOL,1,287.95237241000001,178.345765,0
995,995,1,20240523,LINK,1,3106.4912417199998,16.347695000000002,0
996,996,1,20240525,BONK,1,1623385397.3620408,3.3149999999999999e-05,0
997,997,1,20240528,FLOKI,0,196537724.91340289,0.00027799999999999998,0
998,998,1,20240529,BONK,0,1328016798.748991,4.1130000000000001e-05,0
999,999,1,20240530,BONK,1,1328016798.748991,3.6350000000000003e-05,0
1000,1000,1,20240530,ETH,1,14.652935490000001,3763.3575460000002,0
1001,1001,1,20240530,FLOKI,1,196537724.91340289,0.00026800000000000001,0
1002,1002,1,20240530,PEPE,1,3865371014.8323936,1.4759999999999999e-05,0
1003,1003,1,20240605,BNB,0,77.038464300000001,686.20139400000005,0
1004,1004,1,20240608,BNB,1,77.038464300000001,683.36860300000001,0
1005,1005,1,20240630,TRX,0,421613.44746574998,0.125333,0
1006,1006,1,20240705,TRX,1,421613.44746574998,0.12714500000000001,0
1007,1007,1,20240714,TRX,0,379425.50059443002,0.13947000000000001,0
1008,1008,1,20240717,NEAR,0,8441.5534971199995,6.2445449999999996,0
1009,1009,1,20240717,TRX,1,379425.50059443002,0.13406799999999999,0
1010,1010,1,20240717,XRP,0,90983.978685030001,0.57937300000000003,0
1011,1011,1,20240719,XRP,1,90983.978685030001,0.569608,0
1012,1012,1,20240721,WIF,0,19923.192674459999,2.6433179999999998,0
1013,1013,1,20240722,AVAX,0,1627.5297945899999,32.60566,0
1014,1014,1,20240722,BTC,0,0.77864073,68152.976133000004,0
1015,1015,1,20240722,SOL,0,287.85646865000001,184.351192,0
1016,1016,1,20240723,NEAR,1,8441.5534971199995,6.0314480000000001,0
1017,1017,1,20240724,AVAX,1,1627.5297945899999,29.841856,0
1018,1018,1,20240724,BTC,1,0.77864073,65927.858074999996,0
1019,1019,1,20240724,SOL,1,287.85646865000001,172.817004,0
1020,1020,1,20240724,WIF,1,19923.192674459999,2.5540699999999998,0
1021,1021,1,20240820,TRX,0,358363.17201345001,0.14318400000000001,0
1022,1022,1,20240822,MATIC,0,98392.532132230001,0.525393,0
1023,1023,1,20240824,AAVE,0,361.66620599999999,143.750035,0
1024,1024,1,20240824,AVAX,0,1960.41759918,26.51962,0
1025,1025,1,20240825,AAVE,1,361.66620599999999,137.03813,0
1026,1026,1,20240825,ADA,0,132536.40514734999,0.39401000000000003,0
1027,1027,1,20240825,LINK,0,4229.1325507600004,12.347844,0
1028,1028,1,20240825,NEAR,0,10351.90659221,5.0445460000000004,0
1029,1029,1,20240826,ADA,1,132536.40514734999,0.38497599999999998,0
1030,1030,1,20240826,MATIC,1,98392.532132230001,0.52419800000000005,0
1031,1031,1,20240827,AVAX,1,1960.41759918,25.956246,0
1032,1032,1,20240827,LINK,1,4229.1325507600004,11.85483,0
1033,1033,1,20240827,NEAR,1,10351.90659221,4.7829179999999996,0
1034,1034,1,20240828,TRX,1,358363.17201345001,0.15795899999999999,0
1035,1035,1,20240916,SUI,0,47122.604792899998,1.07968,0
1036,1036,1,20240917,SUI,1,47122.604792899998,1.042608,0
1037,1037,1,20240918,SUI,0,43321.779485949999,1.1703730000000001,0
1038,1038,1,20240924,AAVE,0,303.83068859000002,172.069817,0
1039,1039,1,20240924,BNB,0,86.504020159999996,604.36602700000003,0
1040,1040,1,20240925,FET,0,31046.9153582,1.7082999999999999,0
1041,1041,1,20240925,NEAR,0,9885.2656609299993,5.3653029999999999,0
1042,1042,1,20240925,ONDO,0,68144.283591550004,0.77831099999999998,0
1043,1043,1,20240926,AAVE,1,303.83068859000002,165.36952099999999,0
1044,1044,1,20240926,BNB,1,86.504020159999996,587.351361,0
1045,1045,1,20240926,FET,1,31046.9153582,1.636177,0
1046,1046,1,20240926,NEAR,1,9885.2656609299993,5.1435510000000004,0
1047,1047,1,20240927,SHIB,0,2805526877.2072468,1.863e-05,0
1048,1048,1,20240927,WIF,0,23676.94103631,2.2075049999999998,0
1049,1049,1,20240928,DOGE,0,428634.75874943001,0.123714,0
1050,1050,1,20240928,PEPE,0,4955899116.2548609,1.0699999999999999e-05,0
1051,1051,1,20240929,LINK,0,4144.5205016899999,12.943346999999999,0
1052,1052,1,20240930,LINK,1,4144.5205016899999,12.482324,0
1053,1053,1,20240930,ONDO,1,68144.283591550004,0.80757299999999999,0
1054,1054,1,20240930,XRP,0,83458.986124939998,0.64194499999999999,0
1055,1055,1,20241001,DOGE,1,428634.75874943001,0.114427,0
1056,1056,1,20241001,PEPE,1,4955899116.2548609,1.047e-05,0
1057,1057,1,20241001,SHIB,1,2805526877.2072468,1.7560000000000001e-05,0
1058,1058,1,20241001,XRP,1,83458.986124939998,0.61149200000000004,0
1059,1059,1,20241002,WIF,1,23676.94103631,2.3004699999999998,0
1060,1060,1,20241004,SUI,1,43321.779485949999,1.6669449999999999,0
1061,1061,1,20241017,DOGE,0,407257.75305594999,0.125773,0
1062,1062,1,20241021,BTC,0,0.75195308000000005,69002.000146999999,0
1063,1063,1,20241021,ETH,0,18.893113960000001,2746.3057100000001,0
1064,1064,1,20241022,BTC,1,0.75195308000000005,67360.702726000003,0
1065,1065,1,20241022,ETH,1,18.893113960000001,2665.6567540000001,0
1066,1066,1,20241024,DOGE,1,407257.75305594999,0.139901,0
1067,1067,1,20241025,SOL,0,290.85529349000001,177.138307,0
1068,1068,1,20241026,SOL,1,290.85529349000001,164.40299200000001,0
1069,1069,1,20241030,DOGE,0,290897.92875119997,0.175839,0
1070,1070,1,20241101,DOGE,1,290897.92875119997,0.16137199999999999,0
1071,1071,1,20241109,ADA,0,114304.6770632,0.44381700000000002,0
1072,1072,1,20241110,DOGE,0,234468.56984834999,0.21879399999999999,0
1073,1073,1,20241110,ETH,0,16.386060059999998,3130.7291719999998,0
1074,1074,1,20241110,SUI,0,18539.65393271,2.7670590000000002,0
1075,1075,1,20241111,AVAX,0,1701.47952435,31.982671,0
1076,1076,1,20241111,BCH,0,123.07917541,442.13702000000001,0
1077,1077,1,20241111,BTC,0,0.67623840000000002,80471.413192000007,0
1078,1078,1,20241111,SHIB,0,2086574380.3919861,2.6080000000000001e-05,0
1079,1079,1,20241111,XRP,0,92330.372900119997,0.58938199999999996,0
1080,1080,1,20241112,APT,0,4326.6391688100002,13.708328,0
1081,1081,1,20241113,APT,1,4326.6391688100002,12.39297,0
1082,1082,1,20241113,BCH,1,123.07917541,434.28939700000001,0
1083,1083,1,20241113,RENDER,0,8100.14545051,7.2160659999999996,0
1084,1084,1,20241113,TRX,0,310789.87510429003,0.18807299999999999,0
1085,1085,1,20241114,AVAX,1,1701.47952435,33.133389000000001,0
1086,1086,1,20241114,BONK,0,1552309231.8529475,3.7490000000000002e-05,0
1087,1087,1,20241114,ETH,1,16.386060059999998,3192.5204130000002,0
1088,1088,1,20241114,PEPE,0,2795200437.183814,2.0820000000000001e-05,0
1089,1089,1,20241114,TRX,1,310789.87510429003,0.17710999999999999,0
1090,1090,1,20241114,WIF,0,13930.23047282,4.1776819999999999,0
1091,1091,1,20241115,RENDER,1,8100.14545051,6.5736720000000002,0
1092,1092,1,20241115,SHIB,1,2086574380.3919861,2.3410000000000001e-05,0
1093,1093,1,20241115,WIF,1,13930.23047282,3.580867,0
1094,1094,1,20241116,FLOKI,0,237726713.18850967,0.00025900000000000001,0
1095,1095,1,20241117,LTC,0,668.13749976999998,95.318719000000002,0
1096,1096,1,20241117,NEAR,0,10683.917674259999,5.9609230000000002,0
1097,1097,1,20241118,LTC,1,668.13749976999998,87.056916000000001,0
1098,1098,1,20241118,NEAR,1,10683.917674259999,5.7053279999999997,0
1099,1099,1,20241118,SOL,0,264.20214971000001,237.35518400000001,0
1100,1100,1,20241119,TRX,0,311033.23448856,0.202177,0
1101,1101,1,20241120,FLOKI,1,237726713.18850967,0.00024800000000000001,0
1102,1102,1,20241120,PEPE,1,2795200437.183814,1.969e-05,0
1103,1103,1,20241120,RENDER,0,8063.3650406400002,7.8899970000000001,0
1104,1104,1,20241121,DOGE,1,234468.56984834999,0.37749700000000003,0
1105,1105,1,20241121,RENDER,1,8063.3650406400002,7.3632489999999997,0
1106,1106,1,20241121,SUI,1,18539.65393271,3.5290360000000001,0
1107,1107,1,20241121,TRX,1,311033.23448856,0.19489799999999999,0
1108,1108,1,20241123,AVAX,0,1610.58483305,43.089720999999997,0
1109,1109,1,20241123,BONK,1,1552309231.8529475,4.9539999999999997e-05,0
1110,1110,1,20241123,XLM,0,203478.65545980999,0.34106599999999998,0
1111,1111,1,20241124,DOGE,0,170307.43502362,0.43001200000000001,0
1112,1112,1,20241125,DOT,0,8269.7315890200007,8.8136329999999994,0
1113,1113,1,20241126,ADA,1,114304.6770632,0.94568399999999997,0
1114,1114,1,20241126,BTC,1,0.67623840000000002,93087.279991999996,0
1115,1115,1,20241126,DOGE,1,170307.43502362,0.39331100000000002,0
1116,1116,1,20241126,SOL,1,264.20214971000001,235.91507200000001,0
1117,1117,1,20241127,XLM,1,203478.65545980999,0.43976399999999999,0
1118,1118,1,20241129,AVAX,1,1610.58483305,42.840175000000002,0
1119,1119,1,20241202,ADA,0,66950.638215960003,1.155286,0
1120,1120,1,20241202,HBAR,0,369459.73777166998,0.20935200000000001,0
1121,1121,1,20241202,LTC,0,645.28178693999996,119.865672,0
1122,1122,1,20241202,SHIB,0,2505576126.4002266,3.0870000000000001e-05,0
1123,1123,1,20241203,AVAX,0,1646.9021909400001,52.314552999999997,0
1124,1124,1,20241203,LINK,0,3433.6919489900001,25.091636999999999,0
1125,1125,1,20241204,BNB,0,113.29658218,737.69657900000004,0
1126,1126,1,20241204,SHIB,1,2505576126.4002266,2.8609999999999999e-05,0
1127,1127,1,20241204,TRX,0,196159.58985674,0.42607400000000001,0
1128,1128,1,20241205,TRX,1,196159.58985674,0.33239099999999999,0
1129,1129,1,20241206,AVAX,1,1646.9021909400001,50.453611000000002,0
1130,1130,1,20241206,BNB,1,113.29658218,717.95848899999999,0
1131,1131,1,20241206,RENDER,0,7798.1060590200004,10.098914000000001,0
1132,1132,1,20241206,SUI,0,18667.072419849999,4.2187869999999998,0
1133,1133,1,20241206,XRP,1,92330.372900119997,2.250912,0
1134,1134,1,20241210,ADA,1,66950.638215960003,1.007547,0
1135,1135,1,20241210,DOT,1,8269.7315890200007,8.5134070000000008,0
1136,1136,1,20241210,HBAR,1,369459.73777166998,0.28133799999999998,0
1137,1137,1,20241210,LINK,1,3433.6919489900001,22.346228,0
1138,1138,1,20241210,LTC,1,645.28178693999996,110.83819,0
1139,1139,1,20241210,RENDER,1,7798.1060590200004,8.9541240000000002,0
1140,1140,1,20241210,SUI,1,18667.072419849999,3.8417059999999998,0
1141,1141,1,20250116,XRP,0,22711.88211468,3.1553909999999998,0
1142,1142,1,20250118,HBAR,0,191860.80337159001,0.37522100000000003,0
1143,1143,1,20250118,LTC,0,525.51637241000003,136.98945699999999,0
1144,1144,1,20250119,HBAR,1,191860.80337159001,0.35507,0
1145,1145,1,20250119,LTC,1,525.51637241000003,125.405857,0
1146,1146,1,20250119,SOL,0,270.67642591999999,262.08024499999999,0
1147,1147,1,20250120,SOL,1,270.67642591999999,243.80514099999999,0
1148,1148,1,20250120,XRP,1,22711.88211468,2.9543529999999998,0
1149,1149,1,20250303,ADA,0,61723.46050347,1.129526,0
1150,1150,1,20250304,ADA,1,61723.46050347,0.85526199999999997,0
1151,1151,1,20250423,BTC,0,0.72810830000000004,93427.585808999997,0
1152,1152,1,20250423,PEPE,0,7721384918.4444942,8.8100000000000004e-06,0
1153,1153,1,20250424,SUI,0,22951.076486919999,2.965465,0
1154,1154,1,20250424,TRUMP,0,5096.2699649599999,13.354986,0
1155,1155,1,20250427,LTC,0,813.08021334,87.106977000000001,0
1156,1156,1,20250428,LTC,1,813.08021334,85.532525000000007,0
1157,1157,1,20250428,PEPE,1,7721384918.4444942,8.7600000000000008e-06,0
1158,1158,1,20250430,TRUMP,1,5096.2699649599999,13.009833,0
1159,1159,1,20250503,SUI,1,22951.076486919999,3.4273289999999998,0
1160,1160,1,20250503,VIRTUAL,0,39070.962224479998,1.765927,0
1161,1161,1,20250504,BTC,1,0.72810830000000004,95877.184179999997,0
1162,1162,1,20250507,VIRTUAL,1,39070.962224479998,1.490845,0
1163,1163,1,20250509,AAVE,0,329.91286558000002,205.649732,0
1164,1164,1,20250509,BTC,0,0.65717809999999999,103239.125164,0
1165,1165,1,20250509,ETH,0,30.75364849,2206.1282390000001,0
1166,1166,1,20250509,PEPE,0,6101303272.4755402,1.112e-05,0
1167,1167,1,20250509,SOL,0,414.59032523000002,163.64707100000001,0
1168,1168,1,20250509,SUI,0,16863.64950974,4.0232390000000002,0
1169,1169,1,20250510,BNB,0,104.15373267,666.88927899999999,0
1170,1170,1,20250510,DOGE,0,338337.55174720997,0.20529500000000001,0
1171,1171,1,20250511,ADA,0,87497.371112309993,0.84125700000000003,0
1172,1172,1,20250511,WIF,0,78053.301729850005,0.94304500000000002,0
1173,1173,1,20250512,ADA,1,87497.371112309993,0.80498999999999998,0
1174,1174,1,20250512,BNB,1,104.15373267,650.62543800000003,0
1175,1175,1,20250513,BTC,1,0.65717809999999999,102812.492464,0
1176,1176,1,20250513,SUI,1,16863.64950974,3.963854,0
1177,1177,1,20250513,TRX,0,268934.32220032997,0.27170100000000003,0
1178,1178,1,20250515,DOGE,1,338337.55174720997,0.23280699999999999,0
1179,1179,1,20250515,SOL,1,414.59032523000002,176.550027,0
1180,1180,1,20250516,AAVE,1,329.91286558000002,223.3194,0
1181,1181,1,20250516,PEPE,1,6101303272.4755402,1.3030000000000001e-05,0
1182,1182,1,20250516,WIF,1,78053.301729850005,0.98522200000000004,0
1183,1183,1,20250517,ETH,1,30.75364849,2536.297568,0
1184,1184,1,20250518,TRX,1,268934.32220032997,0.26957900000000001,0
1185,1185,1,20250522,BTC,0,0.65406133,109673.49185599999,0
1186,1186,1,20250524,BTC,1,0.65406133,107278.506978,0
1187,1187,1,20250611,UNI,0,8300.8364554100008,8.6228110000000004,0
1188,1188,1,20250613,UNI,1,8300.8364554100008,7.5203519999999999,0
1189,1189,1,20250708,BONK,0,3100544568.2826242,2.279e-05,0
1190,1190,1,20250710,BONK,1,3100544568.2826242,2.1039999999999998e-05,0
1191,1191,1,20250711,BTC,0,0.60454428000000004,115986.234797,0
1192,1192,1,20250711,ETH,0,23.730214409999999,2954.8327789999998,0
1193,1193,1,20250711,PEPE,0,5654743178.3638706,1.24e-05,0
1194,1194,1,20250711,XRP,0,27533.951880619999,2.5466310000000001,0
1195,1195,1,20250712,ADA,0,99523.822148849998,0.71052599999999999,0
1196,1196,1,20250712,BNB,0,102.50325538,689.87334099999998,0
1197,1197,1,20250712,PENGU,0,3013477.5102761402,0.023466000000000001,0
1198,1198,1,20250712,TRX,0,234960.76998471,0.30096200000000001,0
1199,1199,1,20250713,XLM,0,180078.63003229999,0.39171899999999998,0
1200,1200,1,20250715,SUI,0,19338.08744847,3.8798750000000002,0
1201,1201,1,20250716,BONK,0,2576331029.7156281,2.9689999999999999e-05,0
1202,1202,1,20250716,BTC,1,0.60454428000000004,117777.188995,0
1203,1203,1,20250719,BONK,1,2576331029.7156281,3.2509999999999999e-05,0
1204,1204,1,20250719,DOGE,0,342131.37220571999,0.23613899999999999,0
1205,1205,1,20250719,LINK,0,4527.9794910800001,17.842518999999999,0
1206,1206,1,20250719,LTC,0,794.63323933000004,101.67025,0
1207,1207,1,20250719,PEPE,1,5654743178.3638706,1.2989999999999999e-05,0
1208,1208,1,20250719,SUI,1,19338.08744847,3.784904,0
1209,1209,1,20250721,SOL,0,467.51565139000002,181.218693,0
1210,1210,1,20250721,TRX,1,234960.76998471,0.31422099999999997,0
1211,1211,1,20250724,ADA,1,99523.822148849998,0.81622700000000004,0
1212,1212,1,20250724,DOGE,1,342131.37220571999,0.24066299999999999,0
1213,1213,1,20250724,LINK,1,4527.9794910800001,18.184709000000002,0
1214,1214,1,20250724,LTC,1,794.63323933000004,112.189273,0
1215,1215,1,20250724,SOL,1,467.51565139000002,189.48873699999999,0
1216,1216,1,20250724,XLM,1,180078.63003229999,0.42775099999999999,0
1217,1217,1,20250724,XRP,1,27533.951880619999,3.1849400000000001,0
1218,1218,1,20250725,PENGU,1,3013477.5102761402,0.037534999999999999,0
1219,1219,1,20250726,ENA,0,138213.04446221,0.60384800000000005,0
1220,1220,1,20250730,BNB,1,102.50325538,804.89893700000005,0
1221,1221,1,20250730,ENA,1,138213.04446221,0.57006500000000004,0
1222,1222,1,20250730,TRX,0,246418.37406927001,0.33823599999999998,0
1223,1223,1,20250731,TRX,1,246418.37406927001,0.32757399999999998,0
1224,1224,1,20250801,ETH,1,23.730214409999999,3696.1443770000001,0
1225,1225,1,20250810,LINK,0,3778.0438165,21.930374,0
1226,1226,1,20250811,ENA,0,103933.71328791,0.79780600000000002,0
1227,1227,1,20250812,LINK,1,3778.0438165,21.119802,0
1228,1228,1,20250813,ETH,0,18.000467780000001,4590.657518,0
1229,1229,1,20250813,TRX,0,234516.4527845,0.35235899999999998,0
1230,1230,1,20250814,BNB,0,97.608287399999995,849.00548200000003,0
1231,1231,1,20250814,UNI,0,6820.3205869000003,12.150451,0
1232,1232,1,20250815,ENA,1,103933.71328791,0.71666799999999997,0
1233,1233,1,20250815,UNI,1,6820.3205869000003,10.891854,0
1234,1234,1,20250816,ADA,0,85146.939582870007,0.94384199999999996,0
1235,1235,1,20250816,BNB,1,97.608287399999995,827.28919099999996,0
1236,1236,1,20250816,ETH,1,18.000467780000001,4439.9981820000003,0
1237,1237,1,20250816,TRX,1,234516.4527845,0.352464,0
1238,1238,1,20250819,ADA,1,85146.939582870007,0.92323599999999995,0
1239,1239,1,20250910,WLD,0,41565.02390796,1.929262,0
1240,1240,1,20250911,AVAX,0,2716.7256089500002,29.426635000000001,0
1241,1241,1,20250912,MNT,0,48291.426569499999,1.6355170000000001,0
1242,1242,1,20250912,WLD,1,41565.02390796,1.6549290000000001,0
1243,1243,1,20250913,BNB,0,85.740956479999994,925.03069100000005,0
1244,1244,1,20250913,DOGE,0,287971.15760619001,0.27542,0
1245,1245,1,20250913,SOL,0,327.63586100999999,242.07672500000001,0
1246,1246,1,20250914,PEPE,0,6699776659.1232586,1.1909999999999999e-05,0
1247,1247,1,20250916,BNB,1,85.740956479999994,919.97021900000004,0
1248,1248,1,20250916,DOGE,1,287971.15760619001,0.26862900000000001,0
1249,1249,1,20250916,PEPE,1,6699776659.1232586,1.078e-05,0
1250,1250,1,20250916,PUMP,0,9042280.2236577999,0.0086149999999999994,0
1251,1251,1,20250916,SOL,1,327.63586100999999,234.057151,0
1252,1252,1,20250917,BNB,0,81.349239839999996,955.68787899999995,0
1253,1253,1,20250919,PUMP,1,9042280.2236577999,0.0078200000000000006,0
1254,1254,1,20250920,MNT,1,48291.426569499999,1.6513500000000001,0
1255,1255,1,20250921,AVAX,1,2716.7256089500002,33.186328000000003,0
1256,1256,1,20250923,BNB,1,81.349239839999996,993.01401799999996,0
1257,1257,1,20251004,BNB,0,65.948001039999994,1189.92886,0
1258,1258,1,20251004,BTC,0,0.64181772000000004,122267.469771,0
1259,1259,1,20251008,BTC,1,0.64181772000000004,121448.353627,0
1260,1260,1,20251010,BNB,1,65.948001039999994,1255.8875680000001,0
1261,1261,1,20251012,ZEC,0,269.77065472999999,292.30696699999999,0
